user_id,event_name,timestamp,device,source,properties_json
U0001,app_open,2026-03-02 22:33:00,iOS,ads_instagram,"{""screen"": ""splash""}"
U0001,onboarding_complete,2026-03-02 22:41:00,iOS,ads_instagram,"{""screen"": ""onboarding"", ""pages"": 3}"
U0001,signup_start,2026-03-02 22:45:00,iOS,ads_instagram,"{""screen"": ""signup"", ""method"": ""kakao""}"
U0001,signup_complete,2026-03-02 22:46:00,iOS,ads_instagram,"{""screen"": ""signup"", ""method"": ""email""}"
U0001,home_view,2026-03-02 22:51:00,iOS,ads_instagram,"{""screen"": ""home""}"
U0001,program_list_view,2026-03-02 22:59:00,iOS,ads_instagram,"{""screen"": ""program_list""}"
U0001,program_detail_view,2026-03-02 23:07:00,iOS,ads_instagram,"{""screen"": ""program_detail"", ""program_id"": ""P01""}"
U0002,app_open,2026-03-02 22:56:00,iOS,organic,"{""screen"": ""splash""}"
U0002,onboarding_complete,2026-03-02 23:02:00,iOS,organic,"{""screen"": ""onboarding"", ""pages"": 3}"
U0002,signup_start,2026-03-02 23:06:00,iOS,organic,"{""screen"": ""signup"", ""method"": ""google""}"
U0002,signup_complete,2026-03-02 23:10:00,iOS,organic,"{""screen"": ""signup"", ""method"": ""google""}"
U0002,home_view,2026-03-02 23:12:00,iOS,organic,"{""screen"": ""home""}"
U0002,program_list_view,2026-03-02 23:22:00,iOS,organic,"{""screen"": ""program_list""}"
U0002,program_detail_view,2026-03-02 23:20:00,iOS,organic,"{""screen"": ""program_detail"", ""program_id"": ""P03""}"
U0002,trial_start_click,2026-03-02 23:25:00,iOS,organic,"{""screen"": ""trial_start""}"
U0002,trial_start_confirm,2026-03-02 23:30:00,iOS,organic,"{""screen"": ""trial"", ""trial_days"": 3}"
U0002,payment_view,2026-03-02 23:34:00,iOS,organic,"{""screen"": ""payment"", ""plan"": ""yearly""}"
U0002,payment_attempt,2026-03-02 23:43:00,iOS,organic,"{""screen"": ""payment"", ""plan"": ""monthly""}"
U0002,payment_fail,2026-03-02 23:45:00,iOS,organic,"{""screen"": ""payment"", ""reason"": ""card_declined""}"
U0003,app_open,2026-03-05 00:22:00,iOS,ads_instagram,"{""screen"": ""splash""}"
U0003,onboarding_complete,2026-03-05 00:31:00,iOS,ads_instagram,"{""screen"": ""onboarding"", ""pages"": 3}"
U0003,signup_start,2026-03-05 00:28:00,iOS,ads_instagram,"{""screen"": ""signup"", ""method"": ""email""}"
U0004,app_open,2026-03-04 14:26:00,iOS,organic,"{""screen"": ""splash""}"
U0005,app_open,2026-03-03 15:01:00,Android,organic,"{""screen"": ""splash""}"
U0006,app_open,2026-03-02 04:03:00,iOS,ads_instagram,"{""screen"": ""splash""}"
U0006,onboarding_complete,2026-03-02 04:16:00,iOS,ads_instagram,"{""screen"": ""onboarding"", ""pages"": 3}"
U0006,signup_start,2026-03-02 04:23:00,iOS,ads_instagram,"{""screen"": ""signup"", ""method"": ""google""}"
U0006,signup_complete,2026-03-02 04:26:00,iOS,ads_instagram,"{""screen"": ""signup"", ""method"": ""google""}"
U0006,home_view,2026-03-02 04:29:00,iOS,ads_instagram,"{""screen"": ""home""}"
U0006,program_list_view,2026-03-02 04:32:00,iOS,ads_instagram,"{""screen"": ""program_list""}"
U0006,program_detail_view,2026-03-02 04:31:00,iOS,ads_instagram,"{""screen"": ""program_detail"", ""program_id"": ""P02""}"
U0006,trial_start_click,2026-03-02 04:40:00,iOS,ads_instagram,"{""screen"": ""trial_start""}"
U0006,trial_start_confirm,2026-03-02 04:51:00,iOS,ads_instagram,"{""screen"": ""trial"", ""trial_days"": 3}"
U0007,app_open,2026-03-04 10:18:00,iOS,ads_instagram,"{""screen"": ""splash""}"
U0007,onboarding_complete,2026-03-04 10:24:00,iOS,ads_instagram,"{""screen"": ""onboarding"", ""pages"": 3}"
U0007,signup_start,2026-03-04 10:30:00,iOS,ads_instagram,"{""screen"": ""signup"", ""method"": ""email""}"
U0008,app_open,2026-03-04 05:20:00,iOS,ads_youtube,"{""screen"": ""splash""}"
U0008,onboarding_complete,2026-03-04 05:29:00,iOS,ads_youtube,"{""screen"": ""onboarding"", ""pages"": 3}"
U0009,app_open,2026-03-04 20:08:00,Android,organic,"{""screen"": ""splash""}"
U0009,onboarding_complete,2026-03-04 20:20:00,Android,organic,"{""screen"": ""onboarding"", ""pages"": 3}"
U0009,signup_start,2026-03-04 20:23:00,Android,organic,"{""screen"": ""signup"", ""method"": ""kakao""}"
U0009,signup_complete,2026-03-04 20:24:00,Android,organic,"{""screen"": ""signup"", ""method"": ""google""}"
U0009,home_view,2026-03-04 20:30:00,Android,organic,"{""screen"": ""home""}"
U0009,program_list_view,2026-03-04 20:31:00,Android,organic,"{""screen"": ""program_list""}"
U0010,app_open,2026-03-04 09:43:00,Android,ads_youtube,"{""screen"": ""splash""}"
U0010,onboarding_complete,2026-03-04 09:51:00,Android,ads_youtube,"{""screen"": ""onboarding"", ""pages"": 3}"
U0010,signup_start,2026-03-04 09:56:00,Android,ads_youtube,"{""screen"": ""signup"", ""method"": ""google""}"
U0010,signup_complete,2026-03-04 10:03:00,Android,ads_youtube,"{""screen"": ""signup"", ""method"": ""kakao""}"
U0010,home_view,2026-03-04 10:11:00,Android,ads_youtube,"{""screen"": ""home""}"
U0010,program_list_view,2026-03-04 10:15:00,Android,ads_youtube,"{""screen"": ""program_list""}"
U0011,app_open,2026-03-01 17:44:00,iOS,ads_instagram,"{""screen"": ""splash""}"
U0011,onboarding_complete,2026-03-01 17:54:00,iOS,ads_instagram,"{""screen"": ""onboarding"", ""pages"": 3}"
U0011,signup_start,2026-03-01 17:54:00,iOS,ads_instagram,"{""screen"": ""signup"", ""method"": ""kakao""}"
U0011,signup_complete,2026-03-01 17:58:00,iOS,ads_instagram,"{""screen"": ""signup"", ""method"": ""email""}"
U0011,home_view,2026-03-01 18:04:00,iOS,ads_instagram,"{""screen"": ""home""}"
U0011,program_list_view,2026-03-01 18:09:00,iOS,ads_instagram,"{""screen"": ""program_list""}"
U0011,program_detail_view,2026-03-01 18:17:00,iOS,ads_instagram,"{""screen"": ""program_detail"", ""program_id"": ""P02""}"
U0012,app_open,2026-03-03 19:51:00,iOS,organic,"{""screen"": ""splash""}"
U0012,onboarding_complete,2026-03-03 20:01:00,iOS,organic,"{""screen"": ""onboarding"", ""pages"": 3}"
U0013,app_open,2026-03-05 01:13:00,Android,organic,"{""screen"": ""splash""}"
U0013,onboarding_complete,2026-03-05 01:25:00,Android,organic,"{""screen"": ""onboarding"", ""pages"": 3}"
U0013,signup_start,2026-03-05 01:23:00,Android,organic,"{""screen"": ""signup"", ""method"": ""email""}"
U0013,signup_complete,2026-03-05 01:31:00,Android,organic,"{""screen"": ""signup"", ""method"": ""google""}"
U0013,home_view,2026-03-05 01:39:00,Android,organic,"{""screen"": ""home""}"
U0014,app_open,2026-03-06 05:52:00,Android,organic,"{""screen"": ""splash""}"
U0014,onboarding_complete,2026-03-06 05:58:00,Android,organic,"{""screen"": ""onboarding"", ""pages"": 3}"
U0015,app_open,2026-03-05 15:53:00,Android,ads_youtube,"{""screen"": ""splash""}"
U0016,app_open,2026-03-02 14:11:00,iOS,organic,"{""screen"": ""splash""}"
U0017,app_open,2026-03-01 09:17:00,iOS,referral,"{""screen"": ""splash""}"
U0018,app_open,2026-03-03 23:07:00,Android,organic,"{""screen"": ""splash""}"
U0018,onboarding_complete,2026-03-03 23:21:00,Android,organic,"{""screen"": ""onboarding"", ""pages"": 3}"
U0018,signup_start,2026-03-03 23:20:00,Android,organic,"{""screen"": ""signup"", ""method"": ""google""}"
U0018,signup_complete,2026-03-03 23:24:00,Android,organic,"{""screen"": ""signup"", ""method"": ""kakao""}"
U0018,home_view,2026-03-03 23:26:00,Android,organic,"{""screen"": ""home""}"
U0018,program_list_view,2026-03-03 23:38:00,Android,organic,"{""screen"": ""program_list""}"
U0019,app_open,2026-03-04 06:20:00,iOS,ads_instagram,"{""screen"": ""splash""}"
U0019,onboarding_complete,2026-03-04 06:23:00,iOS,ads_instagram,"{""screen"": ""onboarding"", ""pages"": 3}"
U0019,signup_start,2026-03-04 06:30:00,iOS,ads_instagram,"{""screen"": ""signup"", ""method"": ""email""}"
U0020,app_open,2026-03-01 14:25:00,Android,ads_instagram,"{""screen"": ""splash""}"
U0020,onboarding_complete,2026-03-01 14:37:00,Android,ads_instagram,"{""screen"": ""onboarding"", ""pages"": 3}"
U0020,signup_start,2026-03-01 14:43:00,Android,ads_instagram,"{""screen"": ""signup"", ""method"": ""google""}"
U0020,signup_complete,2026-03-01 14:48:00,Android,ads_instagram,"{""screen"": ""signup"", ""method"": ""google""}"
U0020,home_view,2026-03-01 14:55:00,Android,ads_instagram,"{""screen"": ""home""}"
U0020,program_list_view,2026-03-01 14:54:00,Android,ads_instagram,"{""screen"": ""program_list""}"
U0020,program_detail_view,2026-03-01 14:56:00,Android,ads_instagram,"{""screen"": ""program_detail"", ""program_id"": ""P03""}"
U0020,trial_start_click,2026-03-01 15:02:00,Android,ads_instagram,"{""screen"": ""trial_start""}"
U0021,app_open,2026-03-03 11:27:00,Android,ads_youtube,"{""screen"": ""splash""}"
U0021,onboarding_complete,2026-03-03 11:41:00,Android,ads_youtube,"{""screen"": ""onboarding"", ""pages"": 3}"
U0021,signup_start,2026-03-03 11:44:00,Android,ads_youtube,"{""screen"": ""signup"", ""method"": ""kakao""}"
U0021,signup_complete,2026-03-03 11:51:00,Android,ads_youtube,"{""screen"": ""signup"", ""method"": ""kakao""}"
U0021,home_view,2026-03-03 11:54:00,Android,ads_youtube,"{""screen"": ""home""}"
U0021,program_list_view,2026-03-03 11:59:00,Android,ads_youtube,"{""screen"": ""program_list""}"
U0021,program_detail_view,2026-03-03 12:01:00,Android,ads_youtube,"{""screen"": ""program_detail"", ""program_id"": ""P03""}"
U0021,trial_start_click,2026-03-03 12:06:00,Android,ads_youtube,"{""screen"": ""trial_start""}"
U0021,trial_start_confirm,2026-03-03 12:14:00,Android,ads_youtube,"{""screen"": ""trial"", ""trial_days"": 3}"
U0021,payment_view,2026-03-03 12:11:00,Android,ads_youtube,"{""screen"": ""payment"", ""plan"": ""yearly""}"
U0022,app_open,2026-03-02 02:51:00,iOS,organic,"{""screen"": ""splash""}"
U0022,onboarding_complete,2026-03-02 02:57:00,iOS,organic,"{""screen"": ""onboarding"", ""pages"": 3}"
U0022,signup_start,2026-03-02 03:10:00,iOS,organic,"{""screen"": ""signup"", ""method"": ""google""}"
U0022,signup_complete,2026-03-02 03:07:00,iOS,organic,"{""screen"": ""signup"", ""method"": ""kakao""}"
U0022,home_view,2026-03-02 03:16:00,iOS,organic,"{""screen"": ""home""}"
U0022,program_list_view,2026-03-02 03:26:00,iOS,organic,"{""screen"": ""program_list""}"
U0022,program_detail_view,2026-03-02 03:28:00,iOS,organic,"{""screen"": ""program_detail"", ""program_id"": ""P02""}"
U0023,app_open,2026-03-03 09:51:00,Android,ads_youtube,"{""screen"": ""splash""}"
U0023,onboarding_complete,2026-03-03 10:00:00,Android,ads_youtube,"{""screen"": ""onboarding"", ""pages"": 3}"
U0023,signup_start,2026-03-03 10:10:00,Android,ads_youtube,"{""screen"": ""signup"", ""method"": ""google""}"
U0024,app_open,2026-03-02 17:19:00,Android,ads_youtube,"{""screen"": ""splash""}"
U0025,app_open,2026-03-03 17:17:00,Android,referral,"{""screen"": ""splash""}"
U0025,onboarding_complete,2026-03-03 17:29:00,Android,referral,"{""screen"": ""onboarding"", ""pages"": 3}"
U0026,app_open,2026-03-05 23:41:00,Android,ads_youtube,"{""screen"": ""splash""}"
U0026,onboarding_complete,2026-03-05 23:50:00,Android,ads_youtube,"{""screen"": ""onboarding"", ""pages"": 3}"
U0026,signup_start,2026-03-05 23:57:00,Android,ads_youtube,"{""screen"": ""signup"", ""method"": ""email""}"
U0027,app_open,2026-03-03 23:50:00,Android,organic,"{""screen"": ""splash""}"
U0027,onboarding_complete,2026-03-03 23:55:00,Android,organic,"{""screen"": ""onboarding"", ""pages"": 3}"
U0027,signup_start,2026-03-04 00:01:00,Android,organic,"{""screen"": ""signup"", ""method"": ""google""}"
U0027,signup_complete,2026-03-04 00:06:00,Android,organic,"{""screen"": ""signup"", ""method"": ""google""}"
U0027,home_view,2026-03-04 00:12:00,Android,organic,"{""screen"": ""home""}"
U0027,program_list_view,2026-03-04 00:20:00,Android,organic,"{""screen"": ""program_list""}"
U0028,app_open,2026-03-02 09:22:00,Android,organic,"{""screen"": ""splash""}"
U0028,onboarding_complete,2026-03-02 09:27:00,Android,organic,"{""screen"": ""onboarding"", ""pages"": 3}"
U0028,signup_start,2026-03-02 09:36:00,Android,organic,"{""screen"": ""signup"", ""method"": ""kakao""}"
U0029,app_open,2026-03-02 00:47:00,Android,organic,"{""screen"": ""splash""}"
U0029,onboarding_complete,2026-03-02 00:53:00,Android,organic,"{""screen"": ""onboarding"", ""pages"": 3}"
U0029,signup_start,2026-03-02 00:58:00,Android,organic,"{""screen"": ""signup"", ""method"": ""kakao""}"
U0030,app_open,2026-03-05 14:18:00,Android,ads_instagram,"{""screen"": ""splash""}"
U0030,onboarding_complete,2026-03-05 14:24:00,Android,ads_instagram,"{""screen"": ""onboarding"", ""pages"": 3}"
U0030,signup_start,2026-03-05 14:32:00,Android,ads_instagram,"{""screen"": ""signup"", ""method"": ""google""}"
U0030,signup_complete,2026-03-05 14:35:00,Android,ads_instagram,"{""screen"": ""signup"", ""method"": ""google""}"
U0030,home_view,2026-03-05 14:39:00,Android,ads_instagram,"{""screen"": ""home""}"
U0030,program_list_view,2026-03-05 14:46:00,Android,ads_instagram,"{""screen"": ""program_list""}"
U0030,program_detail_view,2026-03-05 14:54:00,Android,ads_instagram,"{""screen"": ""program_detail"", ""program_id"": ""P02""}"
U0031,app_open,2026-03-03 02:05:00,Android,referral,"{""screen"": ""splash""}"
U0031,onboarding_complete,2026-03-03 02:08:00,Android,referral,"{""screen"": ""onboarding"", ""pages"": 3}"
U0031,signup_start,2026-03-03 02:19:00,Android,referral,"{""screen"": ""signup"", ""method"": ""kakao""}"
U0031,signup_complete,2026-03-03 02:22:00,Android,referral,"{""screen"": ""signup"", ""method"": ""google""}"
U0031,home_view,2026-03-03 02:27:00,Android,referral,"{""screen"": ""home""}"
U0031,program_list_view,2026-03-03 02:31:00,Android,referral,"{""screen"": ""program_list""}"
U0031,program_detail_view,2026-03-03 02:40:00,Android,referral,"{""screen"": ""program_detail"", ""program_id"": ""P03""}"
U0032,app_open,2026-03-02 17:04:00,Android,organic,"{""screen"": ""splash""}"
U0032,onboarding_complete,2026-03-02 17:14:00,Android,organic,"{""screen"": ""onboarding"", ""pages"": 3}"
U0032,signup_start,2026-03-02 17:09:00,Android,organic,"{""screen"": ""signup"", ""method"": ""email""}"
U0033,app_open,2026-03-03 23:10:00,Android,ads_instagram,"{""screen"": ""splash""}"
U0033,onboarding_complete,2026-03-03 23:19:00,Android,ads_instagram,"{""screen"": ""onboarding"", ""pages"": 3}"
U0033,signup_start,2026-03-03 23:25:00,Android,ads_instagram,"{""screen"": ""signup"", ""method"": ""email""}"
U0033,signup_complete,2026-03-03 23:29:00,Android,ads_instagram,"{""screen"": ""signup"", ""method"": ""email""}"
U0033,home_view,2026-03-03 23:28:00,Android,ads_instagram,"{""screen"": ""home""}"
U0033,program_list_view,2026-03-03 23:39:00,Android,ads_instagram,"{""screen"": ""program_list""}"
U0033,program_detail_view,2026-03-03 23:46:00,Android,ads_instagram,"{""screen"": ""program_detail"", ""program_id"": ""P01""}"
U0033,trial_start_click,2026-03-03 23:53:00,Android,ads_instagram,"{""screen"": ""trial_start""}"
U0033,trial_start_confirm,2026-03-04 00:01:00,Android,ads_instagram,"{""screen"": ""trial"", ""trial_days"": 3}"
U0033,payment_view,2026-03-04 00:09:00,Android,ads_instagram,"{""screen"": ""payment"", ""plan"": ""yearly""}"
U0034,app_open,2026-03-05 14:32:00,Android,ads_instagram,"{""screen"": ""splash""}"
U0035,app_open,2026-03-06 03:40:00,Android,ads_instagram,"{""screen"": ""splash""}"
U0035,onboarding_complete,2026-03-06 03:52:00,Android,ads_instagram,"{""screen"": ""onboarding"", ""pages"": 3}"
U0035,signup_start,2026-03-06 03:57:00,Android,ads_instagram,"{""screen"": ""signup"", ""method"": ""email""}"
U0036,app_open,2026-03-04 10:44:00,iOS,organic,"{""screen"": ""splash""}"
U0036,onboarding_complete,2026-03-04 10:48:00,iOS,organic,"{""screen"": ""onboarding"", ""pages"": 3}"
U0036,signup_start,2026-03-04 10:55:00,iOS,organic,"{""screen"": ""signup"", ""method"": ""email""}"
U0036,signup_complete,2026-03-04 10:59:00,iOS,organic,"{""screen"": ""signup"", ""method"": ""kakao""}"
U0036,home_view,2026-03-04 10:59:00,iOS,organic,"{""screen"": ""home""}"
U0036,program_list_view,2026-03-04 11:11:00,iOS,organic,"{""screen"": ""program_list""}"
U0036,program_detail_view,2026-03-04 11:12:00,iOS,organic,"{""screen"": ""program_detail"", ""program_id"": ""P03""}"
U0036,trial_start_click,2026-03-04 11:09:00,iOS,organic,"{""screen"": ""trial_start""}"
U0036,trial_start_confirm,2026-03-04 11:20:00,iOS,organic,"{""screen"": ""trial"", ""trial_days"": 3}"
U0037,app_open,2026-03-05 13:18:00,iOS,ads_youtube,"{""screen"": ""splash""}"
U0037,onboarding_complete,2026-03-05 13:25:00,iOS,ads_youtube,"{""screen"": ""onboarding"", ""pages"": 3}"
U0037,signup_start,2026-03-05 13:32:00,iOS,ads_youtube,"{""screen"": ""signup"", ""method"": ""email""}"
U0037,signup_complete,2026-03-05 13:41:00,iOS,ads_youtube,"{""screen"": ""signup"", ""method"": ""email""}"
U0037,home_view,2026-03-05 13:43:00,iOS,ads_youtube,"{""screen"": ""home""}"
U0037,program_list_view,2026-03-05 13:50:00,iOS,ads_youtube,"{""screen"": ""program_list""}"
U0037,program_detail_view,2026-03-05 13:47:00,iOS,ads_youtube,"{""screen"": ""program_detail"", ""program_id"": ""P03""}"
U0037,trial_start_click,2026-03-05 13:56:00,iOS,ads_youtube,"{""screen"": ""trial_start""}"
U0037,trial_start_confirm,2026-03-05 14:04:00,iOS,ads_youtube,"{""screen"": ""trial"", ""trial_days"": 3}"
U0037,payment_view,2026-03-05 14:10:00,iOS,ads_youtube,"{""screen"": ""payment"", ""plan"": ""yearly""}"
U0037,payment_attempt,2026-03-05 14:17:00,iOS,ads_youtube,"{""screen"": ""payment"", ""plan"": ""monthly""}"
U0037,payment_success,2026-03-05 14:24:00,iOS,ads_youtube,"{""screen"": ""payment"", ""plan"": ""yearly""}"
U0037,subscription_complete,2026-03-05 14:32:00,iOS,ads_youtube,"{""screen"": ""subscription_complete""}"
U0038,app_open,2026-03-02 18:45:00,iOS,organic,"{""screen"": ""splash""}"
U0038,onboarding_complete,2026-03-02 18:50:00,iOS,organic,"{""screen"": ""onboarding"", ""pages"": 3}"
U0038,signup_start,2026-03-02 18:52:00,iOS,organic,"{""screen"": ""signup"", ""method"": ""kakao""}"
U0038,signup_complete,2026-03-02 18:56:00,iOS,organic,"{""screen"": ""signup"", ""method"": ""kakao""}"
U0038,home_view,2026-03-02 19:00:00,iOS,organic,"{""screen"": ""home""}"
U0038,program_list_view,2026-03-02 19:07:00,iOS,organic,"{""screen"": ""program_list""}"
U0039,app_open,2026-03-01 12:30:00,iOS,referral,"{""screen"": ""splash""}"
U0040,app_open,2026-03-03 12:14:00,Android,ads_instagram,"{""screen"": ""splash""}"
U0040,onboarding_complete,2026-03-03 12:18:00,Android,ads_instagram,"{""screen"": ""onboarding"", ""pages"": 3}"
U0040,signup_start,2026-03-03 12:22:00,Android,ads_instagram,"{""screen"": ""signup"", ""method"": ""kakao""}"
U0041,app_open,2026-03-02 01:31:00,Android,ads_youtube,"{""screen"": ""splash""}"
U0041,onboarding_complete,2026-03-02 01:34:00,Android,ads_youtube,"{""screen"": ""onboarding"", ""pages"": 3}"
U0041,signup_start,2026-03-02 01:38:00,Android,ads_youtube,"{""screen"": ""signup"", ""method"": ""kakao""}"
U0041,signup_complete,2026-03-02 01:45:00,Android,ads_youtube,"{""screen"": ""signup"", ""method"": ""google""}"
U0041,home_view,2026-03-02 01:44:00,Android,ads_youtube,"{""screen"": ""home""}"
U0042,app_open,2026-03-05 09:34:00,Android,ads_instagram,"{""screen"": ""splash""}"
U0042,onboarding_complete,2026-03-05 09:42:00,Android,ads_instagram,"{""screen"": ""onboarding"", ""pages"": 3}"
U0042,signup_start,2026-03-05 09:46:00,Android,ads_instagram,"{""screen"": ""signup"", ""method"": ""kakao""}"
U0043,app_open,2026-03-04 17:53:00,Android,ads_instagram,"{""screen"": ""splash""}"
U0043,onboarding_complete,2026-03-04 18:03:00,Android,ads_instagram,"{""screen"": ""onboarding"", ""pages"": 3}"
U0044,app_open,2026-03-05 15:27:00,iOS,organic,"{""screen"": ""splash""}"
U0044,onboarding_complete,2026-03-05 15:36:00,iOS,organic,"{""screen"": ""onboarding"", ""pages"": 3}"
U0044,signup_start,2026-03-05 15:41:00,iOS,organic,"{""screen"": ""signup"", ""method"": ""google""}"
U0044,signup_complete,2026-03-05 15:47:00,iOS,organic,"{""screen"": ""signup"", ""method"": ""google""}"
U0044,home_view,2026-03-05 15:54:00,iOS,organic,"{""screen"": ""home""}"
U0044,program_list_view,2026-03-05 15:54:00,iOS,organic,"{""screen"": ""program_list""}"
U0044,program_detail_view,2026-03-05 16:04:00,iOS,organic,"{""screen"": ""program_detail"", ""program_id"": ""P03""}"
U0045,app_open,2026-03-04 04:00:00,Android,ads_instagram,"{""screen"": ""splash""}"
U0045,onboarding_complete,2026-03-04 04:01:00,Android,ads_instagram,"{""screen"": ""onboarding"", ""pages"": 3}"
U0045,signup_start,2026-03-04 04:13:00,Android,ads_instagram,"{""screen"": ""signup"", ""method"": ""email""}"
U0045,signup_complete,2026-03-04 04:17:00,Android,ads_instagram,"{""screen"": ""signup"", ""method"": ""kakao""}"
U0045,home_view,2026-03-04 04:26:00,Android,ads_instagram,"{""screen"": ""home""}"
U0045,program_list_view,2026-03-04 04:32:00,Android,ads_instagram,"{""screen"": ""program_list""}"
U0045,program_detail_view,2026-03-04 04:34:00,Android,ads_instagram,"{""screen"": ""program_detail"", ""program_id"": ""P01""}"
U0045,trial_start_click,2026-03-04 04:38:00,Android,ads_instagram,"{""screen"": ""trial_start""}"
U0045,trial_start_confirm,2026-03-04 04:51:00,Android,ads_instagram,"{""screen"": ""trial"", ""trial_days"": 3}"
U0045,payment_view,2026-03-04 04:50:00,Android,ads_instagram,"{""screen"": ""payment"", ""plan"": ""yearly""}"
U0045,payment_attempt,2026-03-04 05:02:00,Android,ads_instagram,"{""screen"": ""payment"", ""plan"": ""yearly""}"
U0046,app_open,2026-03-03 02:16:00,iOS,organic,"{""screen"": ""splash""}"
U0046,onboarding_complete,2026-03-03 02:26:00,iOS,organic,"{""screen"": ""onboarding"", ""pages"": 3}"
U0046,signup_start,2026-03-03 02:30:00,iOS,organic,"{""screen"": ""signup"", ""method"": ""google""}"
U0047,app_open,2026-03-04 04:01:00,Android,organic,"{""screen"": ""splash""}"
U0047,onboarding_complete,2026-03-04 04:06:00,Android,organic,"{""screen"": ""onboarding"", ""pages"": 3}"
U0047,signup_start,2026-03-04 04:13:00,Android,organic,"{""screen"": ""signup"", ""method"": ""google""}"
U0047,signup_complete,2026-03-04 04:13:00,Android,organic,"{""screen"": ""signup"", ""method"": ""google""}"
U0047,home_view,2026-03-04 04:16:00,Android,organic,"{""screen"": ""home""}"
U0047,program_list_view,2026-03-04 04:15:00,Android,organic,"{""screen"": ""program_list""}"
U0047,program_detail_view,2026-03-04 04:19:00,Android,organic,"{""screen"": ""program_detail"", ""program_id"": ""P01""}"
U0047,trial_start_click,2026-03-04 04:30:00,Android,organic,"{""screen"": ""trial_start""}"
U0047,trial_start_confirm,2026-03-04 04:36:00,Android,organic,"{""screen"": ""trial"", ""trial_days"": 3}"
U0047,payment_view,2026-03-04 04:41:00,Android,organic,"{""screen"": ""payment"", ""plan"": ""yearly""}"
U0048,app_open,2026-03-04 21:47:00,iOS,referral,"{""screen"": ""splash""}"
U0048,onboarding_complete,2026-03-04 21:55:00,iOS,referral,"{""screen"": ""onboarding"", ""pages"": 3}"
U0048,signup_start,2026-03-04 21:55:00,iOS,referral,"{""screen"": ""signup"", ""method"": ""kakao""}"
U0048,signup_complete,2026-03-04 21:58:00,iOS,referral,"{""screen"": ""signup"", ""method"": ""kakao""}"
U0048,home_view,2026-03-04 22:01:00,iOS,referral,"{""screen"": ""home""}"
U0048,program_list_view,2026-03-04 22:08:00,iOS,referral,"{""screen"": ""program_list""}"
U0048,program_detail_view,2026-03-04 22:16:00,iOS,referral,"{""screen"": ""program_detail"", ""program_id"": ""P02""}"
U0049,app_open,2026-03-02 21:07:00,Android,ads_instagram,"{""screen"": ""splash""}"
U0049,onboarding_complete,2026-03-02 21:14:00,Android,ads_instagram,"{""screen"": ""onboarding"", ""pages"": 3}"
U0049,signup_start,2026-03-02 21:20:00,Android,ads_instagram,"{""screen"": ""signup"", ""method"": ""email""}"
U0050,app_open,2026-03-02 07:39:00,iOS,ads_youtube,"{""screen"": ""splash""}"
U0050,onboarding_complete,2026-03-02 07:47:00,iOS,ads_youtube,"{""screen"": ""onboarding"", ""pages"": 3}"
U0050,signup_start,2026-03-02 07:54:00,iOS,ads_youtube,"{""screen"": ""signup"", ""method"": ""google""}"
U0051,app_open,2026-03-01 19:58:00,iOS,ads_instagram,"{""screen"": ""splash""}"
U0051,onboarding_complete,2026-03-01 20:10:00,iOS,ads_instagram,"{""screen"": ""onboarding"", ""pages"": 3}"
U0051,signup_start,2026-03-01 20:10:00,iOS,ads_instagram,"{""screen"": ""signup"", ""method"": ""email""}"
U0051,signup_complete,2026-03-01 20:17:00,iOS,ads_instagram,"{""screen"": ""signup"", ""method"": ""kakao""}"
U0051,home_view,2026-03-01 20:18:00,iOS,ads_instagram,"{""screen"": ""home""}"
U0051,program_list_view,2026-03-01 20:24:00,iOS,ads_instagram,"{""screen"": ""program_list""}"
U0051,program_detail_view,2026-03-01 20:26:00,iOS,ads_instagram,"{""screen"": ""program_detail"", ""program_id"": ""P03""}"
U0051,trial_start_click,2026-03-01 20:33:00,iOS,ads_instagram,"{""screen"": ""trial_start""}"
U0051,trial_start_confirm,2026-03-01 20:42:00,iOS,ads_instagram,"{""screen"": ""trial"", ""trial_days"": 3}"
U0051,payment_view,2026-03-01 20:48:00,iOS,ads_instagram,"{""screen"": ""payment"", ""plan"": ""monthly""}"
U0051,payment_attempt,2026-03-01 20:52:00,iOS,ads_instagram,"{""screen"": ""payment"", ""plan"": ""yearly""}"
U0052,app_open,2026-03-03 05:08:00,iOS,ads_instagram,"{""screen"": ""splash""}"
U0052,onboarding_complete,2026-03-03 05:21:00,iOS,ads_instagram,"{""screen"": ""onboarding"", ""pages"": 3}"
U0052,signup_start,2026-03-03 05:21:00,iOS,ads_instagram,"{""screen"": ""signup"", ""method"": ""kakao""}"
U0052,signup_complete,2026-03-03 05:18:00,iOS,ads_instagram,"{""screen"": ""signup"", ""method"": ""kakao""}"
U0052,home_view,2026-03-03 05:30:00,iOS,ads_instagram,"{""screen"": ""home""}"
U0052,program_list_view,2026-03-03 05:27:00,iOS,ads_instagram,"{""screen"": ""program_list""}"
U0052,program_detail_view,2026-03-03 05:31:00,iOS,ads_instagram,"{""screen"": ""program_detail"", ""program_id"": ""P02""}"
U0053,app_open,2026-03-04 23:01:00,iOS,ads_instagram,"{""screen"": ""splash""}"
U0053,onboarding_complete,2026-03-04 23:10:00,iOS,ads_instagram,"{""screen"": ""onboarding"", ""pages"": 3}"
U0053,signup_start,2026-03-04 23:14:00,iOS,ads_instagram,"{""screen"": ""signup"", ""method"": ""kakao""}"
U0053,signup_complete,2026-03-04 23:24:00,iOS,ads_instagram,"{""screen"": ""signup"", ""method"": ""email""}"
U0053,home_view,2026-03-04 23:25:00,iOS,ads_instagram,"{""screen"": ""home""}"
U0053,program_list_view,2026-03-04 23:33:00,iOS,ads_instagram,"{""screen"": ""program_list""}"
U0053,program_detail_view,2026-03-04 23:36:00,iOS,ads_instagram,"{""screen"": ""program_detail"", ""program_id"": ""P02""}"
U0054,app_open,2026-03-03 13:22:00,Android,organic,"{""screen"": ""splash""}"
U0054,onboarding_complete,2026-03-03 13:36:00,Android,organic,"{""screen"": ""onboarding"", ""pages"": 3}"
U0055,app_open,2026-03-05 20:51:00,iOS,ads_youtube,"{""screen"": ""splash""}"
U0056,app_open,2026-03-02 21:28:00,Android,organic,"{""screen"": ""splash""}"
U0057,app_open,2026-03-04 17:08:00,iOS,organic,"{""screen"": ""splash""}"
U0057,onboarding_complete,2026-03-04 17:22:00,iOS,organic,"{""screen"": ""onboarding"", ""pages"": 3}"
U0057,signup_start,2026-03-04 17:28:00,iOS,organic,"{""screen"": ""signup"", ""method"": ""google""}"
U0057,signup_complete,2026-03-04 17:37:00,iOS,organic,"{""screen"": ""signup"", ""method"": ""google""}"
U0057,home_view,2026-03-04 17:43:00,iOS,organic,"{""screen"": ""home""}"
U0057,program_list_view,2026-03-04 17:46:00,iOS,organic,"{""screen"": ""program_list""}"
U0058,app_open,2026-03-04 01:34:00,iOS,organic,"{""screen"": ""splash""}"
U0058,onboarding_complete,2026-03-04 01:44:00,iOS,organic,"{""screen"": ""onboarding"", ""pages"": 3}"
U0059,app_open,2026-03-02 05:46:00,Android,ads_youtube,"{""screen"": ""splash""}"
U0059,onboarding_complete,2026-03-02 05:48:00,Android,ads_youtube,"{""screen"": ""onboarding"", ""pages"": 3}"
U0059,signup_start,2026-03-02 05:59:00,Android,ads_youtube,"{""screen"": ""signup"", ""method"": ""email""}"
U0060,app_open,2026-03-03 23:23:00,iOS,organic,"{""screen"": ""splash""}"
U0060,onboarding_complete,2026-03-03 23:29:00,iOS,organic,"{""screen"": ""onboarding"", ""pages"": 3}"
U0061,app_open,2026-03-05 19:42:00,iOS,referral,"{""screen"": ""splash""}"
U0062,app_open,2026-03-05 01:43:00,Android,organic,"{""screen"": ""splash""}"
U0062,onboarding_complete,2026-03-05 01:55:00,Android,organic,"{""screen"": ""onboarding"", ""pages"": 3}"
U0062,signup_start,2026-03-05 02:01:00,Android,organic,"{""screen"": ""signup"", ""method"": ""google""}"
U0062,signup_complete,2026-03-05 02:12:00,Android,organic,"{""screen"": ""signup"", ""method"": ""kakao""}"
U0062,home_view,2026-03-05 02:09:00,Android,organic,"{""screen"": ""home""}"
U0062,program_list_view,2026-03-05 02:14:00,Android,organic,"{""screen"": ""program_list""}"
U0063,app_open,2026-03-04 23:31:00,iOS,organic,"{""screen"": ""splash""}"
U0063,onboarding_complete,2026-03-04 23:36:00,iOS,organic,"{""screen"": ""onboarding"", ""pages"": 3}"
U0063,signup_start,2026-03-04 23:38:00,iOS,organic,"{""screen"": ""signup"", ""method"": ""email""}"
U0063,signup_complete,2026-03-04 23:41:00,iOS,organic,"{""screen"": ""signup"", ""method"": ""google""}"
U0063,home_view,2026-03-04 23:43:00,iOS,organic,"{""screen"": ""home""}"
U0063,program_list_view,2026-03-04 23:46:00,iOS,organic,"{""screen"": ""program_list""}"
U0063,program_detail_view,2026-03-04 23:56:00,iOS,organic,"{""screen"": ""program_detail"", ""program_id"": ""P03""}"
U0063,trial_start_click,2026-03-04 23:56:00,iOS,organic,"{""screen"": ""trial_start""}"
U0063,trial_start_confirm,2026-03-05 00:03:00,iOS,organic,"{""screen"": ""trial"", ""trial_days"": 3}"
U0063,payment_view,2026-03-05 00:07:00,iOS,organic,"{""screen"": ""payment"", ""plan"": ""yearly""}"
U0064,app_open,2026-03-03 21:18:00,iOS,ads_instagram,"{""screen"": ""splash""}"
U0065,app_open,2026-03-03 18:55:00,iOS,referral,"{""screen"": ""splash""}"
U0065,onboarding_complete,2026-03-03 19:09:00,iOS,referral,"{""screen"": ""onboarding"", ""pages"": 3}"
U0065,signup_start,2026-03-03 19:16:00,iOS,referral,"{""screen"": ""signup"", ""method"": ""google""}"
U0065,signup_complete,2026-03-03 19:21:00,iOS,referral,"{""screen"": ""signup"", ""method"": ""google""}"
U0065,home_view,2026-03-03 19:22:00,iOS,referral,"{""screen"": ""home""}"
U0066,app_open,2026-03-04 14:16:00,iOS,ads_instagram,"{""screen"": ""splash""}"
U0067,app_open,2026-03-04 19:47:00,Android,ads_youtube,"{""screen"": ""splash""}"
U0067,onboarding_complete,2026-03-04 19:58:00,Android,ads_youtube,"{""screen"": ""onboarding"", ""pages"": 3}"
U0068,app_open,2026-03-04 23:55:00,iOS,ads_instagram,"{""screen"": ""splash""}"
U0068,onboarding_complete,2026-03-05 00:05:00,iOS,ads_instagram,"{""screen"": ""onboarding"", ""pages"": 3}"
U0068,signup_start,2026-03-05 00:08:00,iOS,ads_instagram,"{""screen"": ""signup"", ""method"": ""email""}"
U0069,app_open,2026-03-03 21:11:00,iOS,ads_instagram,"{""screen"": ""splash""}"
U0069,onboarding_complete,2026-03-03 21:22:00,iOS,ads_instagram,"{""screen"": ""onboarding"", ""pages"": 3}"
U0069,signup_start,2026-03-03 21:24:00,iOS,ads_instagram,"{""screen"": ""signup"", ""method"": ""kakao""}"
U0069,signup_complete,2026-03-03 21:27:00,iOS,ads_instagram,"{""screen"": ""signup"", ""method"": ""kakao""}"
U0069,home_view,2026-03-03 21:36:00,iOS,ads_instagram,"{""screen"": ""home""}"
U0069,program_list_view,2026-03-03 21:43:00,iOS,ads_instagram,"{""screen"": ""program_list""}"
U0069,program_detail_view,2026-03-03 21:51:00,iOS,ads_instagram,"{""screen"": ""program_detail"", ""program_id"": ""P02""}"
U0070,app_open,2026-03-01 19:16:00,iOS,organic,"{""screen"": ""splash""}"
U0070,onboarding_complete,2026-03-01 19:26:00,iOS,organic,"{""screen"": ""onboarding"", ""pages"": 3}"
U0070,signup_start,2026-03-01 19:33:00,iOS,organic,"{""screen"": ""signup"", ""method"": ""kakao""}"
U0070,signup_complete,2026-03-01 19:34:00,iOS,organic,"{""screen"": ""signup"", ""method"": ""google""}"
U0070,home_view,2026-03-01 19:44:00,iOS,organic,"{""screen"": ""home""}"
U0070,program_list_view,2026-03-01 19:51:00,iOS,organic,"{""screen"": ""program_list""}"
U0070,program_detail_view,2026-03-01 19:53:00,iOS,organic,"{""screen"": ""program_detail"", ""program_id"": ""P03""}"
U0070,trial_start_click,2026-03-01 19:58:00,iOS,organic,"{""screen"": ""trial_start""}"
U0070,trial_start_confirm,2026-03-01 20:05:00,iOS,organic,"{""screen"": ""trial"", ""trial_days"": 3}"
U0071,app_open,2026-03-06 01:29:00,iOS,organic,"{""screen"": ""splash""}"
U0071,onboarding_complete,2026-03-06 01:39:00,iOS,organic,"{""screen"": ""onboarding"", ""pages"": 3}"
U0071,signup_start,2026-03-06 01:37:00,iOS,organic,"{""screen"": ""signup"", ""method"": ""email""}"
U0071,signup_complete,2026-03-06 01:45:00,iOS,organic,"{""screen"": ""signup"", ""method"": ""email""}"
U0071,home_view,2026-03-06 01:55:00,iOS,organic,"{""screen"": ""home""}"
U0071,program_list_view,2026-03-06 02:05:00,iOS,organic,"{""screen"": ""program_list""}"
U0072,app_open,2026-03-04 17:11:00,iOS,ads_instagram,"{""screen"": ""splash""}"
U0072,onboarding_complete,2026-03-04 17:17:00,iOS,ads_instagram,"{""screen"": ""onboarding"", ""pages"": 3}"
U0072,signup_start,2026-03-04 17:26:00,iOS,ads_instagram,"{""screen"": ""signup"", ""method"": ""google""}"
U0073,app_open,2026-03-02 14:39:00,Android,organic,"{""screen"": ""splash""}"
U0073,onboarding_complete,2026-03-02 14:49:00,Android,organic,"{""screen"": ""onboarding"", ""pages"": 3}"
U0073,signup_start,2026-03-02 14:53:00,Android,organic,"{""screen"": ""signup"", ""method"": ""kakao""}"
U0073,signup_complete,2026-03-02 14:58:00,Android,organic,"{""screen"": ""signup"", ""method"": ""email""}"
U0074,app_open,2026-03-01 21:30:00,Android,referral,"{""screen"": ""splash""}"
U0074,onboarding_complete,2026-03-01 21:31:00,Android,referral,"{""screen"": ""onboarding"", ""pages"": 3}"
U0075,app_open,2026-03-04 14:05:00,iOS,organic,"{""screen"": ""splash""}"
U0075,onboarding_complete,2026-03-04 14:15:00,iOS,organic,"{""screen"": ""onboarding"", ""pages"": 3}"
U0075,signup_start,2026-03-04 14:20:00,iOS,organic,"{""screen"": ""signup"", ""method"": ""email""}"
U0076,app_open,2026-03-02 04:45:00,iOS,ads_instagram,"{""screen"": ""splash""}"
U0077,app_open,2026-03-02 00:00:00,Android,ads_instagram,"{""screen"": ""splash""}"
U0077,onboarding_complete,2026-03-02 00:02:00,Android,ads_instagram,"{""screen"": ""onboarding"", ""pages"": 3}"
U0077,signup_start,2026-03-02 00:09:00,Android,ads_instagram,"{""screen"": ""signup"", ""method"": ""google""}"
U0077,signup_complete,2026-03-02 00:10:00,Android,ads_instagram,"{""screen"": ""signup"", ""method"": ""email""}"
U0077,home_view,2026-03-02 00:19:00,Android,ads_instagram,"{""screen"": ""home""}"
U0077,program_list_view,2026-03-02 00:30:00,Android,ads_instagram,"{""screen"": ""program_list""}"
U0078,app_open,2026-03-04 05:47:00,iOS,ads_instagram,"{""screen"": ""splash""}"
U0078,onboarding_complete,2026-03-04 05:53:00,iOS,ads_instagram,"{""screen"": ""onboarding"", ""pages"": 3}"
U0079,app_open,2026-03-03 23:32:00,iOS,ads_youtube,"{""screen"": ""splash""}"
U0079,onboarding_complete,2026-03-03 23:33:00,iOS,ads_youtube,"{""screen"": ""onboarding"", ""pages"": 3}"
U0080,app_open,2026-03-01 23:44:00,iOS,ads_youtube,"{""screen"": ""splash""}"
U0080,onboarding_complete,2026-03-01 23:52:00,iOS,ads_youtube,"{""screen"": ""onboarding"", ""pages"": 3}"
U0081,app_open,2026-03-02 02:13:00,iOS,organic,"{""screen"": ""splash""}"
U0081,onboarding_complete,2026-03-02 02:27:00,iOS,organic,"{""screen"": ""onboarding"", ""pages"": 3}"
U0081,signup_start,2026-03-02 02:33:00,iOS,organic,"{""screen"": ""signup"", ""method"": ""google""}"
U0081,signup_complete,2026-03-02 02:38:00,iOS,organic,"{""screen"": ""signup"", ""method"": ""kakao""}"
U0081,home_view,2026-03-02 02:52:00,iOS,organic,"{""screen"": ""home""}"
U0082,app_open,2026-03-03 17:29:00,Android,organic,"{""screen"": ""splash""}"
U0082,onboarding_complete,2026-03-03 17:40:00,Android,organic,"{""screen"": ""onboarding"", ""pages"": 3}"
U0082,signup_start,2026-03-03 17:41:00,Android,organic,"{""screen"": ""signup"", ""method"": ""google""}"
U0082,signup_complete,2026-03-03 17:46:00,Android,organic,"{""screen"": ""signup"", ""method"": ""email""}"
U0082,home_view,2026-03-03 17:52:00,Android,organic,"{""screen"": ""home""}"
U0082,program_list_view,2026-03-03 17:54:00,Android,organic,"{""screen"": ""program_list""}"
U0082,program_detail_view,2026-03-03 18:06:00,Android,organic,"{""screen"": ""program_detail"", ""program_id"": ""P01""}"
U0082,trial_start_click,2026-03-03 18:13:00,Android,organic,"{""screen"": ""trial_start""}"
U0082,trial_start_confirm,2026-03-03 18:14:00,Android,organic,"{""screen"": ""trial"", ""trial_days"": 3}"
U0082,payment_view,2026-03-03 18:24:00,Android,organic,"{""screen"": ""payment"", ""plan"": ""monthly""}"
U0083,app_open,2026-03-04 15:54:00,iOS,ads_instagram,"{""screen"": ""splash""}"
U0083,onboarding_complete,2026-03-04 16:02:00,iOS,ads_instagram,"{""screen"": ""onboarding"", ""pages"": 3}"
U0083,signup_start,2026-03-04 16:01:00,iOS,ads_instagram,"{""screen"": ""signup"", ""method"": ""kakao""}"
U0083,signup_complete,2026-03-04 16:08:00,iOS,ads_instagram,"{""screen"": ""signup"", ""method"": ""email""}"
U0083,home_view,2026-03-04 16:19:00,iOS,ads_instagram,"{""screen"": ""home""}"
U0083,program_list_view,2026-03-04 16:22:00,iOS,ads_instagram,"{""screen"": ""program_list""}"
U0083,program_detail_view,2026-03-04 16:27:00,iOS,ads_instagram,"{""screen"": ""program_detail"", ""program_id"": ""P01""}"
U0083,trial_start_click,2026-03-04 16:34:00,iOS,ads_instagram,"{""screen"": ""trial_start""}"
U0083,trial_start_confirm,2026-03-04 16:41:00,iOS,ads_instagram,"{""screen"": ""trial"", ""trial_days"": 3}"
U0083,payment_view,2026-03-04 16:42:00,iOS,ads_instagram,"{""screen"": ""payment"", ""plan"": ""monthly""}"
U0084,app_open,2026-03-04 09:25:00,iOS,referral,"{""screen"": ""splash""}"
U0084,onboarding_complete,2026-03-04 09:35:00,iOS,referral,"{""screen"": ""onboarding"", ""pages"": 3}"
U0084,signup_start,2026-03-04 09:40:00,iOS,referral,"{""screen"": ""signup"", ""method"": ""kakao""}"
U0084,signup_complete,2026-03-04 09:40:00,iOS,referral,"{""screen"": ""signup"", ""method"": ""email""}"
U0084,home_view,2026-03-04 09:46:00,iOS,referral,"{""screen"": ""home""}"
U0084,program_list_view,2026-03-04 09:54:00,iOS,referral,"{""screen"": ""program_list""}"
U0084,program_detail_view,2026-03-04 10:00:00,iOS,referral,"{""screen"": ""program_detail"", ""program_id"": ""P02""}"
U0084,trial_start_click,2026-03-04 10:06:00,iOS,referral,"{""screen"": ""trial_start""}"
U0084,trial_start_confirm,2026-03-04 10:10:00,iOS,referral,"{""screen"": ""trial"", ""trial_days"": 3}"
U0084,payment_view,2026-03-04 10:20:00,iOS,referral,"{""screen"": ""payment"", ""plan"": ""yearly""}"
U0084,payment_attempt,2026-03-04 10:27:00,iOS,referral,"{""screen"": ""payment"", ""plan"": ""monthly""}"
U0084,payment_success,2026-03-04 10:29:00,iOS,referral,"{""screen"": ""payment"", ""plan"": ""monthly""}"
U0084,subscription_complete,2026-03-04 10:35:00,iOS,referral,"{""screen"": ""subscription_complete""}"
U0084,workout_start,2026-03-04 10:46:00,iOS,referral,"{""screen"": ""workout"", ""workout_id"": ""W11""}"
U0085,app_open,2026-03-05 09:04:00,iOS,organic,"{""screen"": ""splash""}"
U0085,onboarding_complete,2026-03-05 09:19:00,iOS,organic,"{""screen"": ""onboarding"", ""pages"": 3}"
U0085,signup_start,2026-03-05 09:19:00,iOS,organic,"{""screen"": ""signup"", ""method"": ""google""}"
U0086,app_open,2026-03-01 19:37:00,iOS,organic,"{""screen"": ""splash""}"
U0087,app_open,2026-03-05 09:52:00,Android,ads_instagram,"{""screen"": ""splash""}"
U0087,onboarding_complete,2026-03-05 09:57:00,Android,ads_instagram,"{""screen"": ""onboarding"", ""pages"": 3}"
U0087,signup_start,2026-03-05 10:04:00,Android,ads_instagram,"{""screen"": ""signup"", ""method"": ""kakao""}"
U0087,signup_complete,2026-03-05 10:09:00,Android,ads_instagram,"{""screen"": ""signup"", ""method"": ""google""}"
U0087,home_view,2026-03-05 10:16:00,Android,ads_instagram,"{""screen"": ""home""}"
U0087,program_list_view,2026-03-05 10:22:00,Android,ads_instagram,"{""screen"": ""program_list""}"
U0087,program_detail_view,2026-03-05 10:32:00,Android,ads_instagram,"{""screen"": ""program_detail"", ""program_id"": ""P02""}"
U0087,trial_start_click,2026-03-05 10:30:00,Android,ads_instagram,"{""screen"": ""trial_start""}"
U0087,trial_start_confirm,2026-03-05 10:36:00,Android,ads_instagram,"{""screen"": ""trial"", ""trial_days"": 3}"
U0087,payment_view,2026-03-05 10:40:00,Android,ads_instagram,"{""screen"": ""payment"", ""plan"": ""monthly""}"
U0087,payment_attempt,2026-03-05 10:43:00,Android,ads_instagram,"{""screen"": ""payment"", ""plan"": ""monthly""}"
U0087,payment_success,2026-03-05 10:50:00,Android,ads_instagram,"{""screen"": ""payment"", ""plan"": ""monthly""}"
U0087,subscription_complete,2026-03-05 10:55:00,Android,ads_instagram,"{""screen"": ""subscription_complete""}"
U0088,app_open,2026-03-04 14:04:00,iOS,ads_youtube,"{""screen"": ""splash""}"
U0088,onboarding_complete,2026-03-04 14:16:00,iOS,ads_youtube,"{""screen"": ""onboarding"", ""pages"": 3}"
U0089,app_open,2026-03-04 01:01:00,iOS,organic,"{""screen"": ""splash""}"
U0089,onboarding_complete,2026-03-04 01:12:00,iOS,organic,"{""screen"": ""onboarding"", ""pages"": 3}"
U0089,signup_start,2026-03-04 01:09:00,iOS,organic,"{""screen"": ""signup"", ""method"": ""kakao""}"
U0089,signup_complete,2026-03-04 01:18:00,iOS,organic,"{""screen"": ""signup"", ""method"": ""email""}"
U0089,home_view,2026-03-04 01:20:00,iOS,organic,"{""screen"": ""home""}"
U0089,program_list_view,2026-03-04 01:26:00,iOS,organic,"{""screen"": ""program_list""}"
U0089,program_detail_view,2026-03-04 01:32:00,iOS,organic,"{""screen"": ""program_detail"", ""program_id"": ""P03""}"
U0089,trial_start_click,2026-03-04 01:33:00,iOS,organic,"{""screen"": ""trial_start""}"
U0090,app_open,2026-03-04 19:36:00,iOS,ads_instagram,"{""screen"": ""splash""}"
U0090,onboarding_complete,2026-03-04 19:39:00,iOS,ads_instagram,"{""screen"": ""onboarding"", ""pages"": 3}"
U0090,signup_start,2026-03-04 19:50:00,iOS,ads_instagram,"{""screen"": ""signup"", ""method"": ""email""}"
U0090,signup_complete,2026-03-04 19:48:00,iOS,ads_instagram,"{""screen"": ""signup"", ""method"": ""email""}"
U0090,home_view,2026-03-04 20:00:00,iOS,ads_instagram,"{""screen"": ""home""}"
U0090,program_list_view,2026-03-04 20:01:00,iOS,ads_instagram,"{""screen"": ""program_list""}"
U0090,program_detail_view,2026-03-04 20:07:00,iOS,ads_instagram,"{""screen"": ""program_detail"", ""program_id"": ""P02""}"
U0091,app_open,2026-03-04 23:08:00,iOS,ads_instagram,"{""screen"": ""splash""}"
U0091,onboarding_complete,2026-03-04 23:12:00,iOS,ads_instagram,"{""screen"": ""onboarding"", ""pages"": 3}"
U0091,signup_start,2026-03-04 23:19:00,iOS,ads_instagram,"{""screen"": ""signup"", ""method"": ""google""}"
U0092,app_open,2026-03-06 08:13:00,Android,ads_instagram,"{""screen"": ""splash""}"
U0092,onboarding_complete,2026-03-06 08:19:00,Android,ads_instagram,"{""screen"": ""onboarding"", ""pages"": 3}"
U0092,signup_start,2026-03-06 08:23:00,Android,ads_instagram,"{""screen"": ""signup"", ""method"": ""kakao""}"
U0093,app_open,2026-03-01 20:34:00,Android,organic,"{""screen"": ""splash""}"
U0093,onboarding_complete,2026-03-01 20:46:00,Android,organic,"{""screen"": ""onboarding"", ""pages"": 3}"
U0094,app_open,2026-03-06 02:10:00,Android,ads_youtube,"{""screen"": ""splash""}"
U0095,app_open,2026-03-01 21:45:00,Android,referral,"{""screen"": ""splash""}"
U0095,onboarding_complete,2026-03-01 21:56:00,Android,referral,"{""screen"": ""onboarding"", ""pages"": 3}"
U0095,signup_start,2026-03-01 22:00:00,Android,referral,"{""screen"": ""signup"", ""method"": ""email""}"
U0096,app_open,2026-03-02 11:12:00,Android,organic,"{""screen"": ""splash""}"
U0096,onboarding_complete,2026-03-02 11:16:00,Android,organic,"{""screen"": ""onboarding"", ""pages"": 3}"
U0096,signup_start,2026-03-02 11:21:00,Android,organic,"{""screen"": ""signup"", ""method"": ""kakao""}"
U0097,app_open,2026-03-03 06:58:00,iOS,ads_youtube,"{""screen"": ""splash""}"
U0098,app_open,2026-03-02 06:03:00,Android,ads_instagram,"{""screen"": ""splash""}"
U0098,onboarding_complete,2026-03-02 06:11:00,Android,ads_instagram,"{""screen"": ""onboarding"", ""pages"": 3}"
U0098,signup_start,2026-03-02 06:15:00,Android,ads_instagram,"{""screen"": ""signup"", ""method"": ""kakao""}"
U0099,app_open,2026-03-05 15:43:00,Android,referral,"{""screen"": ""splash""}"
U0099,onboarding_complete,2026-03-05 15:52:00,Android,referral,"{""screen"": ""onboarding"", ""pages"": 3}"
U0099,signup_start,2026-03-05 16:02:00,Android,referral,"{""screen"": ""signup"", ""method"": ""google""}"
U0100,app_open,2026-03-04 14:52:00,Android,organic,"{""screen"": ""splash""}"
U0101,app_open,2026-03-03 13:08:00,iOS,ads_instagram,"{""screen"": ""splash""}"
U0101,onboarding_complete,2026-03-03 13:16:00,iOS,ads_instagram,"{""screen"": ""onboarding"", ""pages"": 3}"
U0102,app_open,2026-03-02 19:08:00,iOS,ads_youtube,"{""screen"": ""splash""}"
U0102,onboarding_complete,2026-03-02 19:22:00,iOS,ads_youtube,"{""screen"": ""onboarding"", ""pages"": 3}"
U0102,signup_start,2026-03-02 19:23:00,iOS,ads_youtube,"{""screen"": ""signup"", ""method"": ""kakao""}"
U0103,app_open,2026-03-02 22:14:00,Android,organic,"{""screen"": ""splash""}"
U0103,onboarding_complete,2026-03-02 22:24:00,Android,organic,"{""screen"": ""onboarding"", ""pages"": 3}"
U0104,app_open,2026-03-06 00:30:00,Android,organic,"{""screen"": ""splash""}"
U0104,onboarding_complete,2026-03-06 00:36:00,Android,organic,"{""screen"": ""onboarding"", ""pages"": 3}"
U0104,signup_start,2026-03-06 00:47:00,Android,organic,"{""screen"": ""signup"", ""method"": ""google""}"
U0104,signup_complete,2026-03-06 00:47:00,Android,organic,"{""screen"": ""signup"", ""method"": ""email""}"
U0104,home_view,2026-03-06 00:53:00,Android,organic,"{""screen"": ""home""}"
U0104,program_list_view,2026-03-06 00:59:00,Android,organic,"{""screen"": ""program_list""}"
U0104,program_detail_view,2026-03-06 00:56:00,Android,organic,"{""screen"": ""program_detail"", ""program_id"": ""P02""}"
U0105,app_open,2026-03-03 22:14:00,Android,organic,"{""screen"": ""splash""}"
U0105,onboarding_complete,2026-03-03 22:16:00,Android,organic,"{""screen"": ""onboarding"", ""pages"": 3}"
U0105,signup_start,2026-03-03 22:23:00,Android,organic,"{""screen"": ""signup"", ""method"": ""kakao""}"
U0105,signup_complete,2026-03-03 22:26:00,Android,organic,"{""screen"": ""signup"", ""method"": ""google""}"
U0105,home_view,2026-03-03 22:28:00,Android,organic,"{""screen"": ""home""}"
U0105,program_list_view,2026-03-03 22:36:00,Android,organic,"{""screen"": ""program_list""}"
U0105,program_detail_view,2026-03-03 22:48:00,Android,organic,"{""screen"": ""program_detail"", ""program_id"": ""P03""}"
U0105,trial_start_click,2026-03-03 22:57:00,Android,organic,"{""screen"": ""trial_start""}"
U0105,trial_start_confirm,2026-03-03 22:58:00,Android,organic,"{""screen"": ""trial"", ""trial_days"": 3}"
U0105,payment_view,2026-03-03 23:03:00,Android,organic,"{""screen"": ""payment"", ""plan"": ""yearly""}"
U0105,payment_attempt,2026-03-03 23:08:00,Android,organic,"{""screen"": ""payment"", ""plan"": ""yearly""}"
U0105,payment_success,2026-03-03 23:17:00,Android,organic,"{""screen"": ""payment"", ""plan"": ""monthly""}"
U0105,subscription_complete,2026-03-03 23:21:00,Android,organic,"{""screen"": ""subscription_complete""}"
U0105,workout_start,2026-03-03 23:29:00,Android,organic,"{""screen"": ""workout"", ""workout_id"": ""W12""}"
U0106,app_open,2026-03-03 08:04:00,Android,organic,"{""screen"": ""splash""}"
U0106,onboarding_complete,2026-03-03 08:12:00,Android,organic,"{""screen"": ""onboarding"", ""pages"": 3}"
U0106,signup_start,2026-03-03 08:13:00,Android,organic,"{""screen"": ""signup"", ""method"": ""email""}"
U0106,signup_complete,2026-03-03 08:24:00,Android,organic,"{""screen"": ""signup"", ""method"": ""kakao""}"
U0106,home_view,2026-03-03 08:31:00,Android,organic,"{""screen"": ""home""}"
U0106,program_list_view,2026-03-03 08:35:00,Android,organic,"{""screen"": ""program_list""}"
U0106,program_detail_view,2026-03-03 08:37:00,Android,organic,"{""screen"": ""program_detail"", ""program_id"": ""P02""}"
U0106,trial_start_click,2026-03-03 08:41:00,Android,organic,"{""screen"": ""trial_start""}"
U0106,trial_start_confirm,2026-03-03 08:50:00,Android,organic,"{""screen"": ""trial"", ""trial_days"": 3}"
U0106,payment_view,2026-03-03 08:58:00,Android,organic,"{""screen"": ""payment"", ""plan"": ""yearly""}"
U0106,payment_attempt,2026-03-03 09:01:00,Android,organic,"{""screen"": ""payment"", ""plan"": ""yearly""}"
U0106,payment_fail,2026-03-03 09:07:00,Android,organic,"{""screen"": ""payment"", ""reason"": ""timeout""}"
U0107,app_open,2026-03-03 15:36:00,iOS,organic,"{""screen"": ""splash""}"
U0107,onboarding_complete,2026-03-03 15:45:00,iOS,organic,"{""screen"": ""onboarding"", ""pages"": 3}"
U0108,app_open,2026-03-05 21:51:00,iOS,ads_instagram,"{""screen"": ""splash""}"
U0108,onboarding_complete,2026-03-05 21:58:00,iOS,ads_instagram,"{""screen"": ""onboarding"", ""pages"": 3}"
U0108,signup_start,2026-03-05 22:04:00,iOS,ads_instagram,"{""screen"": ""signup"", ""method"": ""email""}"
U0108,signup_complete,2026-03-05 22:06:00,iOS,ads_instagram,"{""screen"": ""signup"", ""method"": ""email""}"
U0108,home_view,2026-03-05 22:13:00,iOS,ads_instagram,"{""screen"": ""home""}"
U0108,program_list_view,2026-03-05 22:19:00,iOS,ads_instagram,"{""screen"": ""program_list""}"
U0108,program_detail_view,2026-03-05 22:27:00,iOS,ads_instagram,"{""screen"": ""program_detail"", ""program_id"": ""P01""}"
U0109,app_open,2026-03-03 20:23:00,Android,referral,"{""screen"": ""splash""}"
U0109,onboarding_complete,2026-03-03 20:24:00,Android,referral,"{""screen"": ""onboarding"", ""pages"": 3}"
U0109,signup_start,2026-03-03 20:33:00,Android,referral,"{""screen"": ""signup"", ""method"": ""kakao""}"
U0110,app_open,2026-03-02 04:29:00,Android,ads_instagram,"{""screen"": ""splash""}"
U0111,app_open,2026-03-02 02:14:00,iOS,ads_instagram,"{""screen"": ""splash""}"
U0111,onboarding_complete,2026-03-02 02:22:00,iOS,ads_instagram,"{""screen"": ""onboarding"", ""pages"": 3}"
U0111,signup_start,2026-03-02 02:25:00,iOS,ads_instagram,"{""screen"": ""signup"", ""method"": ""email""}"
U0111,signup_complete,2026-03-02 02:29:00,iOS,ads_instagram,"{""screen"": ""signup"", ""method"": ""google""}"
U0111,home_view,2026-03-02 02:34:00,iOS,ads_instagram,"{""screen"": ""home""}"
U0111,program_list_view,2026-03-02 02:41:00,iOS,ads_instagram,"{""screen"": ""program_list""}"
U0111,program_detail_view,2026-03-02 02:38:00,iOS,ads_instagram,"{""screen"": ""program_detail"", ""program_id"": ""P03""}"
U0111,trial_start_click,2026-03-02 02:50:00,iOS,ads_instagram,"{""screen"": ""trial_start""}"
U0112,app_open,2026-03-05 09:07:00,Android,organic,"{""screen"": ""splash""}"
U0112,onboarding_complete,2026-03-05 09:17:00,Android,organic,"{""screen"": ""onboarding"", ""pages"": 3}"
U0113,app_open,2026-03-06 05:26:00,iOS,ads_instagram,"{""screen"": ""splash""}"
U0113,onboarding_complete,2026-03-06 05:34:00,iOS,ads_instagram,"{""screen"": ""onboarding"", ""pages"": 3}"
U0113,signup_start,2026-03-06 05:37:00,iOS,ads_instagram,"{""screen"": ""signup"", ""method"": ""kakao""}"
U0114,app_open,2026-03-05 09:52:00,Android,referral,"{""screen"": ""splash""}"
U0114,onboarding_complete,2026-03-05 10:03:00,Android,referral,"{""screen"": ""onboarding"", ""pages"": 3}"
U0115,app_open,2026-03-05 08:36:00,Android,ads_youtube,"{""screen"": ""splash""}"
U0115,onboarding_complete,2026-03-05 08:46:00,Android,ads_youtube,"{""screen"": ""onboarding"", ""pages"": 3}"
U0115,signup_start,2026-03-05 08:52:00,Android,ads_youtube,"{""screen"": ""signup"", ""method"": ""email""}"
U0115,signup_complete,2026-03-05 08:54:00,Android,ads_youtube,"{""screen"": ""signup"", ""method"": ""google""}"
U0115,home_view,2026-03-05 09:03:00,Android,ads_youtube,"{""screen"": ""home""}"
U0115,program_list_view,2026-03-05 09:10:00,Android,ads_youtube,"{""screen"": ""program_list""}"
U0115,program_detail_view,2026-03-05 09:11:00,Android,ads_youtube,"{""screen"": ""program_detail"", ""program_id"": ""P02""}"
U0115,trial_start_click,2026-03-05 09:23:00,Android,ads_youtube,"{""screen"": ""trial_start""}"
U0115,trial_start_confirm,2026-03-05 09:32:00,Android,ads_youtube,"{""screen"": ""trial"", ""trial_days"": 3}"
U0115,payment_view,2026-03-05 09:31:00,Android,ads_youtube,"{""screen"": ""payment"", ""plan"": ""monthly""}"
U0115,payment_attempt,2026-03-05 09:40:00,Android,ads_youtube,"{""screen"": ""payment"", ""plan"": ""monthly""}"
U0116,app_open,2026-03-02 02:37:00,iOS,ads_instagram,"{""screen"": ""splash""}"
U0116,onboarding_complete,2026-03-02 02:44:00,iOS,ads_instagram,"{""screen"": ""onboarding"", ""pages"": 3}"
U0116,signup_start,2026-03-02 02:43:00,iOS,ads_instagram,"{""screen"": ""signup"", ""method"": ""email""}"
U0116,signup_complete,2026-03-02 02:47:00,iOS,ads_instagram,"{""screen"": ""signup"", ""method"": ""kakao""}"
U0116,home_view,2026-03-02 02:49:00,iOS,ads_instagram,"{""screen"": ""home""}"
U0116,program_list_view,2026-03-02 02:58:00,iOS,ads_instagram,"{""screen"": ""program_list""}"
U0116,program_detail_view,2026-03-02 03:05:00,iOS,ads_instagram,"{""screen"": ""program_detail"", ""program_id"": ""P03""}"
U0116,trial_start_click,2026-03-02 03:08:00,iOS,ads_instagram,"{""screen"": ""trial_start""}"
U0117,app_open,2026-03-05 11:23:00,Android,organic,"{""screen"": ""splash""}"
U0118,app_open,2026-03-01 14:37:00,Android,organic,"{""screen"": ""splash""}"
U0119,app_open,2026-03-05 00:34:00,iOS,organic,"{""screen"": ""splash""}"
U0119,onboarding_complete,2026-03-05 00:44:00,iOS,organic,"{""screen"": ""onboarding"", ""pages"": 3}"
U0119,signup_start,2026-03-05 00:50:00,iOS,organic,"{""screen"": ""signup"", ""method"": ""kakao""}"
U0119,signup_complete,2026-03-05 00:57:00,iOS,organic,"{""screen"": ""signup"", ""method"": ""kakao""}"
U0119,home_view,2026-03-05 01:04:00,iOS,organic,"{""screen"": ""home""}"
U0119,program_list_view,2026-03-05 01:12:00,iOS,organic,"{""screen"": ""program_list""}"
U0119,program_detail_view,2026-03-05 01:12:00,iOS,organic,"{""screen"": ""program_detail"", ""program_id"": ""P02""}"
U0119,trial_start_click,2026-03-05 01:20:00,iOS,organic,"{""screen"": ""trial_start""}"
U0119,trial_start_confirm,2026-03-05 01:24:00,iOS,organic,"{""screen"": ""trial"", ""trial_days"": 3}"
U0120,app_open,2026-03-03 08:09:00,Android,organic,"{""screen"": ""splash""}"
U0121,app_open,2026-03-04 13:41:00,iOS,organic,"{""screen"": ""splash""}"
U0121,onboarding_complete,2026-03-04 13:48:00,iOS,organic,"{""screen"": ""onboarding"", ""pages"": 3}"
U0121,signup_start,2026-03-04 13:54:00,iOS,organic,"{""screen"": ""signup"", ""method"": ""email""}"
U0121,signup_complete,2026-03-04 14:01:00,iOS,organic,"{""screen"": ""signup"", ""method"": ""kakao""}"
U0121,home_view,2026-03-04 14:07:00,iOS,organic,"{""screen"": ""home""}"
U0121,program_list_view,2026-03-04 14:08:00,iOS,organic,"{""screen"": ""program_list""}"
U0122,app_open,2026-03-04 05:05:00,iOS,ads_instagram,"{""screen"": ""splash""}"
U0123,app_open,2026-03-03 14:41:00,iOS,ads_instagram,"{""screen"": ""splash""}"
U0123,onboarding_complete,2026-03-03 14:46:00,iOS,ads_instagram,"{""screen"": ""onboarding"", ""pages"": 3}"
U0123,signup_start,2026-03-03 14:46:00,iOS,ads_instagram,"{""screen"": ""signup"", ""method"": ""google""}"
U0123,signup_complete,2026-03-03 14:56:00,iOS,ads_instagram,"{""screen"": ""signup"", ""method"": ""kakao""}"
U0123,home_view,2026-03-03 14:59:00,iOS,ads_instagram,"{""screen"": ""home""}"
U0123,program_list_view,2026-03-03 15:06:00,iOS,ads_instagram,"{""screen"": ""program_list""}"
U0123,program_detail_view,2026-03-03 15:10:00,iOS,ads_instagram,"{""screen"": ""program_detail"", ""program_id"": ""P01""}"
U0123,trial_start_click,2026-03-03 15:18:00,iOS,ads_instagram,"{""screen"": ""trial_start""}"
U0123,trial_start_confirm,2026-03-03 15:22:00,iOS,ads_instagram,"{""screen"": ""trial"", ""trial_days"": 3}"
U0123,payment_view,2026-03-03 15:36:00,iOS,ads_instagram,"{""screen"": ""payment"", ""plan"": ""yearly""}"
U0124,app_open,2026-03-02 02:34:00,Android,ads_instagram,"{""screen"": ""splash""}"
U0125,app_open,2026-03-03 07:17:00,Android,organic,"{""screen"": ""splash""}"
U0125,onboarding_complete,2026-03-03 07:29:00,Android,organic,"{""screen"": ""onboarding"", ""pages"": 3}"
U0125,signup_start,2026-03-03 07:35:00,Android,organic,"{""screen"": ""signup"", ""method"": ""kakao""}"
U0125,signup_complete,2026-03-03 07:34:00,Android,organic,"{""screen"": ""signup"", ""method"": ""kakao""}"
U0125,home_view,2026-03-03 07:45:00,Android,organic,"{""screen"": ""home""}"
U0125,program_list_view,2026-03-03 07:51:00,Android,organic,"{""screen"": ""program_list""}"
U0125,program_detail_view,2026-03-03 07:57:00,Android,organic,"{""screen"": ""program_detail"", ""program_id"": ""P02""}"
U0126,app_open,2026-03-03 06:55:00,iOS,ads_youtube,"{""screen"": ""splash""}"
U0126,onboarding_complete,2026-03-03 07:08:00,iOS,ads_youtube,"{""screen"": ""onboarding"", ""pages"": 3}"
U0126,signup_start,2026-03-03 07:12:00,iOS,ads_youtube,"{""screen"": ""signup"", ""method"": ""email""}"
U0126,signup_complete,2026-03-03 07:14:00,iOS,ads_youtube,"{""screen"": ""signup"", ""method"": ""kakao""}"
U0126,home_view,2026-03-03 07:16:00,iOS,ads_youtube,"{""screen"": ""home""}"
U0126,program_list_view,2026-03-03 07:21:00,iOS,ads_youtube,"{""screen"": ""program_list""}"
U0126,program_detail_view,2026-03-03 07:25:00,iOS,ads_youtube,"{""screen"": ""program_detail"", ""program_id"": ""P03""}"
U0127,app_open,2026-03-02 05:10:00,Android,ads_instagram,"{""screen"": ""splash""}"
U0128,app_open,2026-03-05 08:38:00,Android,organic,"{""screen"": ""splash""}"
U0128,onboarding_complete,2026-03-05 08:42:00,Android,organic,"{""screen"": ""onboarding"", ""pages"": 3}"
U0128,signup_start,2026-03-05 08:45:00,Android,organic,"{""screen"": ""signup"", ""method"": ""kakao""}"
U0128,signup_complete,2026-03-05 08:57:00,Android,organic,"{""screen"": ""signup"", ""method"": ""kakao""}"
U0128,home_view,2026-03-05 08:57:00,Android,organic,"{""screen"": ""home""}"
U0128,program_list_view,2026-03-05 09:00:00,Android,organic,"{""screen"": ""program_list""}"
U0128,program_detail_view,2026-03-05 09:08:00,Android,organic,"{""screen"": ""program_detail"", ""program_id"": ""P02""}"
U0128,trial_start_click,2026-03-05 09:10:00,Android,organic,"{""screen"": ""trial_start""}"
U0129,app_open,2026-03-05 18:24:00,iOS,organic,"{""screen"": ""splash""}"
U0130,app_open,2026-03-02 21:05:00,Android,ads_instagram,"{""screen"": ""splash""}"
U0130,onboarding_complete,2026-03-02 21:10:00,Android,ads_instagram,"{""screen"": ""onboarding"", ""pages"": 3}"
U0130,signup_start,2026-03-02 21:15:00,Android,ads_instagram,"{""screen"": ""signup"", ""method"": ""google""}"
U0131,app_open,2026-03-04 03:45:00,Android,ads_youtube,"{""screen"": ""splash""}"
U0131,onboarding_complete,2026-03-04 03:55:00,Android,ads_youtube,"{""screen"": ""onboarding"", ""pages"": 3}"
U0132,app_open,2026-03-02 01:38:00,iOS,ads_youtube,"{""screen"": ""splash""}"
U0132,onboarding_complete,2026-03-02 01:50:00,iOS,ads_youtube,"{""screen"": ""onboarding"", ""pages"": 3}"
U0133,app_open,2026-03-05 18:32:00,iOS,organic,"{""screen"": ""splash""}"
U0134,app_open,2026-03-05 10:30:00,iOS,organic,"{""screen"": ""splash""}"
U0134,onboarding_complete,2026-03-05 10:43:00,iOS,organic,"{""screen"": ""onboarding"", ""pages"": 3}"
U0134,signup_start,2026-03-05 10:47:00,iOS,organic,"{""screen"": ""signup"", ""method"": ""email""}"
U0135,app_open,2026-03-02 22:05:00,Android,organic,"{""screen"": ""splash""}"
U0135,onboarding_complete,2026-03-02 22:10:00,Android,organic,"{""screen"": ""onboarding"", ""pages"": 3}"
U0135,signup_start,2026-03-02 22:19:00,Android,organic,"{""screen"": ""signup"", ""method"": ""kakao""}"
U0135,signup_complete,2026-03-02 22:23:00,Android,organic,"{""screen"": ""signup"", ""method"": ""google""}"
U0135,home_view,2026-03-02 22:27:00,Android,organic,"{""screen"": ""home""}"
U0135,program_list_view,2026-03-02 22:27:00,Android,organic,"{""screen"": ""program_list""}"
U0136,app_open,2026-03-06 08:55:00,Android,organic,"{""screen"": ""splash""}"
U0136,onboarding_complete,2026-03-06 09:05:00,Android,organic,"{""screen"": ""onboarding"", ""pages"": 3}"
U0137,app_open,2026-03-05 17:57:00,Android,organic,"{""screen"": ""splash""}"
U0137,onboarding_complete,2026-03-05 18:05:00,Android,organic,"{""screen"": ""onboarding"", ""pages"": 3}"
U0137,signup_start,2026-03-05 18:03:00,Android,organic,"{""screen"": ""signup"", ""method"": ""google""}"
U0138,app_open,2026-03-06 03:10:00,Android,organic,"{""screen"": ""splash""}"
U0138,onboarding_complete,2026-03-06 03:19:00,Android,organic,"{""screen"": ""onboarding"", ""pages"": 3}"
U0139,app_open,2026-03-06 08:42:00,Android,referral,"{""screen"": ""splash""}"
U0139,onboarding_complete,2026-03-06 08:51:00,Android,referral,"{""screen"": ""onboarding"", ""pages"": 3}"
U0139,signup_start,2026-03-06 08:55:00,Android,referral,"{""screen"": ""signup"", ""method"": ""google""}"
U0140,app_open,2026-03-02 03:19:00,iOS,ads_instagram,"{""screen"": ""splash""}"
U0141,app_open,2026-03-02 00:22:00,iOS,ads_instagram,"{""screen"": ""splash""}"
U0141,onboarding_complete,2026-03-02 00:35:00,iOS,ads_instagram,"{""screen"": ""onboarding"", ""pages"": 3}"
U0141,signup_start,2026-03-02 00:33:00,iOS,ads_instagram,"{""screen"": ""signup"", ""method"": ""kakao""}"
U0141,signup_complete,2026-03-02 00:42:00,iOS,ads_instagram,"{""screen"": ""signup"", ""method"": ""kakao""}"
U0141,home_view,2026-03-02 00:45:00,iOS,ads_instagram,"{""screen"": ""home""}"
U0142,app_open,2026-03-04 07:21:00,Android,ads_youtube,"{""screen"": ""splash""}"
U0142,onboarding_complete,2026-03-04 07:33:00,Android,ads_youtube,"{""screen"": ""onboarding"", ""pages"": 3}"
U0142,signup_start,2026-03-04 07:34:00,Android,ads_youtube,"{""screen"": ""signup"", ""method"": ""google""}"
U0143,app_open,2026-03-03 21:59:00,iOS,organic,"{""screen"": ""splash""}"
U0143,onboarding_complete,2026-03-03 22:07:00,iOS,organic,"{""screen"": ""onboarding"", ""pages"": 3}"
U0143,signup_start,2026-03-03 22:08:00,iOS,organic,"{""screen"": ""signup"", ""method"": ""kakao""}"
U0143,signup_complete,2026-03-03 22:10:00,iOS,organic,"{""screen"": ""signup"", ""method"": ""kakao""}"
U0143,home_view,2026-03-03 22:16:00,iOS,organic,"{""screen"": ""home""}"
U0143,program_list_view,2026-03-03 22:29:00,iOS,organic,"{""screen"": ""program_list""}"
U0144,app_open,2026-03-03 01:16:00,Android,ads_instagram,"{""screen"": ""splash""}"
U0144,onboarding_complete,2026-03-03 01:21:00,Android,ads_instagram,"{""screen"": ""onboarding"", ""pages"": 3}"
U0145,app_open,2026-03-04 19:42:00,iOS,ads_instagram,"{""screen"": ""splash""}"
U0145,onboarding_complete,2026-03-04 19:54:00,iOS,ads_instagram,"{""screen"": ""onboarding"", ""pages"": 3}"
U0145,signup_start,2026-03-04 20:01:00,iOS,ads_instagram,"{""screen"": ""signup"", ""method"": ""email""}"
U0146,app_open,2026-03-04 08:44:00,Android,ads_instagram,"{""screen"": ""splash""}"
U0146,onboarding_complete,2026-03-04 08:50:00,Android,ads_instagram,"{""screen"": ""onboarding"", ""pages"": 3}"
U0147,app_open,2026-03-04 06:00:00,Android,organic,"{""screen"": ""splash""}"
U0147,onboarding_complete,2026-03-04 06:10:00,Android,organic,"{""screen"": ""onboarding"", ""pages"": 3}"
U0147,signup_start,2026-03-04 06:21:00,Android,organic,"{""screen"": ""signup"", ""method"": ""email""}"
U0148,app_open,2026-03-04 06:40:00,iOS,ads_youtube,"{""screen"": ""splash""}"
U0148,onboarding_complete,2026-03-04 06:44:00,iOS,ads_youtube,"{""screen"": ""onboarding"", ""pages"": 3}"
U0148,signup_start,2026-03-04 06:51:00,iOS,ads_youtube,"{""screen"": ""signup"", ""method"": ""kakao""}"
U0148,signup_complete,2026-03-04 07:01:00,iOS,ads_youtube,"{""screen"": ""signup"", ""method"": ""google""}"
U0148,home_view,2026-03-04 07:05:00,iOS,ads_youtube,"{""screen"": ""home""}"
U0148,program_list_view,2026-03-04 07:11:00,iOS,ads_youtube,"{""screen"": ""program_list""}"
U0148,program_detail_view,2026-03-04 07:16:00,iOS,ads_youtube,"{""screen"": ""program_detail"", ""program_id"": ""P03""}"
U0148,trial_start_click,2026-03-04 07:15:00,iOS,ads_youtube,"{""screen"": ""trial_start""}"
U0149,app_open,2026-03-02 09:34:00,iOS,ads_instagram,"{""screen"": ""splash""}"
U0149,onboarding_complete,2026-03-02 09:43:00,iOS,ads_instagram,"{""screen"": ""onboarding"", ""pages"": 3}"
U0150,app_open,2026-03-03 12:32:00,Android,organic,"{""screen"": ""splash""}"
U0150,onboarding_complete,2026-03-03 12:42:00,Android,organic,"{""screen"": ""onboarding"", ""pages"": 3}"
U0150,signup_start,2026-03-03 12:47:00,Android,organic,"{""screen"": ""signup"", ""method"": ""email""}"
U0151,app_open,2026-03-02 15:24:00,iOS,organic,"{""screen"": ""splash""}"
U0152,app_open,2026-03-04 00:12:00,Android,ads_youtube,"{""screen"": ""splash""}"
U0152,onboarding_complete,2026-03-04 00:24:00,Android,ads_youtube,"{""screen"": ""onboarding"", ""pages"": 3}"
U0152,signup_start,2026-03-04 00:26:00,Android,ads_youtube,"{""screen"": ""signup"", ""method"": ""google""}"
U0152,signup_complete,2026-03-04 00:31:00,Android,ads_youtube,"{""screen"": ""signup"", ""method"": ""kakao""}"
U0152,home_view,2026-03-04 00:37:00,Android,ads_youtube,"{""screen"": ""home""}"
U0152,program_list_view,2026-03-04 00:33:00,Android,ads_youtube,"{""screen"": ""program_list""}"
U0152,program_detail_view,2026-03-04 00:38:00,Android,ads_youtube,"{""screen"": ""program_detail"", ""program_id"": ""P01""}"
U0152,trial_start_click,2026-03-04 00:36:00,Android,ads_youtube,"{""screen"": ""trial_start""}"
U0152,trial_start_confirm,2026-03-04 00:45:00,Android,ads_youtube,"{""screen"": ""trial"", ""trial_days"": 3}"
U0152,payment_view,2026-03-04 00:52:00,Android,ads_youtube,"{""screen"": ""payment"", ""plan"": ""monthly""}"
U0152,payment_attempt,2026-03-04 00:52:00,Android,ads_youtube,"{""screen"": ""payment"", ""plan"": ""yearly""}"
U0152,payment_success,2026-03-04 00:58:00,Android,ads_youtube,"{""screen"": ""payment"", ""plan"": ""yearly""}"
U0152,subscription_complete,2026-03-04 01:07:00,Android,ads_youtube,"{""screen"": ""subscription_complete""}"
U0152,workout_start,2026-03-04 01:11:00,Android,ads_youtube,"{""screen"": ""workout"", ""workout_id"": ""W12""}"
U0153,app_open,2026-03-02 08:54:00,Android,referral,"{""screen"": ""splash""}"
U0153,onboarding_complete,2026-03-02 09:05:00,Android,referral,"{""screen"": ""onboarding"", ""pages"": 3}"
U0153,signup_start,2026-03-02 09:12:00,Android,referral,"{""screen"": ""signup"", ""method"": ""kakao""}"
U0153,signup_complete,2026-03-02 09:18:00,Android,referral,"{""screen"": ""signup"", ""method"": ""kakao""}"
U0153,home_view,2026-03-02 09:21:00,Android,referral,"{""screen"": ""home""}"
U0153,program_list_view,2026-03-02 09:31:00,Android,referral,"{""screen"": ""program_list""}"
U0153,program_detail_view,2026-03-02 09:34:00,Android,referral,"{""screen"": ""program_detail"", ""program_id"": ""P03""}"
U0153,trial_start_click,2026-03-02 09:40:00,Android,referral,"{""screen"": ""trial_start""}"
U0153,trial_start_confirm,2026-03-02 09:51:00,Android,referral,"{""screen"": ""trial"", ""trial_days"": 3}"
U0153,payment_view,2026-03-02 09:55:00,Android,referral,"{""screen"": ""payment"", ""plan"": ""yearly""}"
U0153,payment_attempt,2026-03-02 09:59:00,Android,referral,"{""screen"": ""payment"", ""plan"": ""yearly""}"
U0153,payment_success,2026-03-02 10:00:00,Android,referral,"{""screen"": ""payment"", ""plan"": ""yearly""}"
U0153,subscription_complete,2026-03-02 10:07:00,Android,referral,"{""screen"": ""subscription_complete""}"
U0153,workout_start,2026-03-02 10:11:00,Android,referral,"{""screen"": ""workout"", ""workout_id"": ""W11""}"
U0154,app_open,2026-03-03 02:23:00,Android,organic,"{""screen"": ""splash""}"
U0155,app_open,2026-03-05 14:14:00,Android,organic,"{""screen"": ""splash""}"
U0155,onboarding_complete,2026-03-05 14:23:00,Android,organic,"{""screen"": ""onboarding"", ""pages"": 3}"
U0155,signup_start,2026-03-05 14:29:00,Android,organic,"{""screen"": ""signup"", ""method"": ""email""}"
U0155,signup_complete,2026-03-05 14:34:00,Android,organic,"{""screen"": ""signup"", ""method"": ""google""}"
U0155,home_view,2026-03-05 14:39:00,Android,organic,"{""screen"": ""home""}"
U0155,program_list_view,2026-03-05 14:49:00,Android,organic,"{""screen"": ""program_list""}"
U0155,program_detail_view,2026-03-05 15:00:00,Android,organic,"{""screen"": ""program_detail"", ""program_id"": ""P02""}"
U0156,app_open,2026-03-04 13:48:00,iOS,organic,"{""screen"": ""splash""}"
U0157,app_open,2026-03-04 12:32:00,iOS,ads_youtube,"{""screen"": ""splash""}"
U0158,app_open,2026-03-02 05:48:00,iOS,ads_instagram,"{""screen"": ""splash""}"
U0158,onboarding_complete,2026-03-02 05:55:00,iOS,ads_instagram,"{""screen"": ""onboarding"", ""pages"": 3}"
U0158,signup_start,2026-03-02 05:59:00,iOS,ads_instagram,"{""screen"": ""signup"", ""method"": ""kakao""}"
U0158,signup_complete,2026-03-02 06:04:00,iOS,ads_instagram,"{""screen"": ""signup"", ""method"": ""google""}"
U0159,app_open,2026-03-02 07:58:00,iOS,ads_instagram,"{""screen"": ""splash""}"
U0159,onboarding_complete,2026-03-02 08:05:00,iOS,ads_instagram,"{""screen"": ""onboarding"", ""pages"": 3}"
U0159,signup_start,2026-03-02 08:16:00,iOS,ads_instagram,"{""screen"": ""signup"", ""method"": ""email""}"
U0160,app_open,2026-03-01 17:01:00,Android,ads_instagram,"{""screen"": ""splash""}"
U0160,onboarding_complete,2026-03-01 17:09:00,Android,ads_instagram,"{""screen"": ""onboarding"", ""pages"": 3}"
U0160,signup_start,2026-03-01 17:07:00,Android,ads_instagram,"{""screen"": ""signup"", ""method"": ""email""}"
U0161,app_open,2026-03-01 10:14:00,Android,organic,"{""screen"": ""splash""}"
U0161,onboarding_complete,2026-03-01 10:24:00,Android,organic,"{""screen"": ""onboarding"", ""pages"": 3}"
U0161,signup_start,2026-03-01 10:35:00,Android,organic,"{""screen"": ""signup"", ""method"": ""google""}"
U0161,signup_complete,2026-03-01 10:43:00,Android,organic,"{""screen"": ""signup"", ""method"": ""google""}"
U0161,home_view,2026-03-01 10:53:00,Android,organic,"{""screen"": ""home""}"
U0161,program_list_view,2026-03-01 10:53:00,Android,organic,"{""screen"": ""program_list""}"
U0161,program_detail_view,2026-03-01 11:06:00,Android,organic,"{""screen"": ""program_detail"", ""program_id"": ""P01""}"
U0161,trial_start_click,2026-03-01 11:06:00,Android,organic,"{""screen"": ""trial_start""}"
U0161,trial_start_confirm,2026-03-01 11:10:00,Android,organic,"{""screen"": ""trial"", ""trial_days"": 3}"
U0161,payment_view,2026-03-01 11:14:00,Android,organic,"{""screen"": ""payment"", ""plan"": ""yearly""}"
U0161,payment_attempt,2026-03-01 11:22:00,Android,organic,"{""screen"": ""payment"", ""plan"": ""monthly""}"
U0161,payment_fail,2026-03-01 11:31:00,Android,organic,"{""screen"": ""payment"", ""reason"": ""card_declined""}"
U0162,app_open,2026-03-05 16:42:00,Android,ads_instagram,"{""screen"": ""splash""}"
U0162,onboarding_complete,2026-03-05 16:52:00,Android,ads_instagram,"{""screen"": ""onboarding"", ""pages"": 3}"
U0162,signup_start,2026-03-05 16:57:00,Android,ads_instagram,"{""screen"": ""signup"", ""method"": ""kakao""}"
U0162,signup_complete,2026-03-05 17:00:00,Android,ads_instagram,"{""screen"": ""signup"", ""method"": ""google""}"
U0162,home_view,2026-03-05 17:10:00,Android,ads_instagram,"{""screen"": ""home""}"
U0163,app_open,2026-03-01 14:48:00,Android,referral,"{""screen"": ""splash""}"
U0163,onboarding_complete,2026-03-01 14:58:00,Android,referral,"{""screen"": ""onboarding"", ""pages"": 3}"
U0163,signup_start,2026-03-01 15:03:00,Android,referral,"{""screen"": ""signup"", ""method"": ""google""}"
U0164,app_open,2026-03-06 05:06:00,iOS,ads_instagram,"{""screen"": ""splash""}"
U0164,onboarding_complete,2026-03-06 05:14:00,iOS,ads_instagram,"{""screen"": ""onboarding"", ""pages"": 3}"
U0164,signup_start,2026-03-06 05:17:00,iOS,ads_instagram,"{""screen"": ""signup"", ""method"": ""google""}"
U0164,signup_complete,2026-03-06 05:25:00,iOS,ads_instagram,"{""screen"": ""signup"", ""method"": ""google""}"
U0164,home_view,2026-03-06 05:32:00,iOS,ads_instagram,"{""screen"": ""home""}"
U0164,program_list_view,2026-03-06 05:39:00,iOS,ads_instagram,"{""screen"": ""program_list""}"
U0165,app_open,2026-03-03 08:13:00,iOS,ads_youtube,"{""screen"": ""splash""}"
U0165,onboarding_complete,2026-03-03 08:21:00,iOS,ads_youtube,"{""screen"": ""onboarding"", ""pages"": 3}"
U0166,app_open,2026-03-04 18:19:00,Android,organic,"{""screen"": ""splash""}"
U0166,onboarding_complete,2026-03-04 18:25:00,Android,organic,"{""screen"": ""onboarding"", ""pages"": 3}"
U0166,signup_start,2026-03-04 18:36:00,Android,organic,"{""screen"": ""signup"", ""method"": ""email""}"
U0166,signup_complete,2026-03-04 18:43:00,Android,organic,"{""screen"": ""signup"", ""method"": ""email""}"
U0166,home_view,2026-03-04 18:47:00,Android,organic,"{""screen"": ""home""}"
U0166,program_list_view,2026-03-04 18:58:00,Android,organic,"{""screen"": ""program_list""}"
U0166,program_detail_view,2026-03-04 18:54:00,Android,organic,"{""screen"": ""program_detail"", ""program_id"": ""P02""}"
U0166,trial_start_click,2026-03-04 19:02:00,Android,organic,"{""screen"": ""trial_start""}"
U0166,trial_start_confirm,2026-03-04 19:03:00,Android,organic,"{""screen"": ""trial"", ""trial_days"": 3}"
U0166,payment_view,2026-03-04 19:11:00,Android,organic,"{""screen"": ""payment"", ""plan"": ""yearly""}"
U0167,app_open,2026-03-03 19:50:00,iOS,organic,"{""screen"": ""splash""}"
U0167,onboarding_complete,2026-03-03 20:03:00,iOS,organic,"{""screen"": ""onboarding"", ""pages"": 3}"
U0167,signup_start,2026-03-03 20:00:00,iOS,organic,"{""screen"": ""signup"", ""method"": ""google""}"
U0167,signup_complete,2026-03-03 20:12:00,iOS,organic,"{""screen"": ""signup"", ""method"": ""google""}"
U0167,home_view,2026-03-03 20:16:00,iOS,organic,"{""screen"": ""home""}"
U0167,program_list_view,2026-03-03 20:23:00,iOS,organic,"{""screen"": ""program_list""}"
U0167,program_detail_view,2026-03-03 20:30:00,iOS,organic,"{""screen"": ""program_detail"", ""program_id"": ""P02""}"
U0167,trial_start_click,2026-03-03 20:32:00,iOS,organic,"{""screen"": ""trial_start""}"
U0167,trial_start_confirm,2026-03-03 20:33:00,iOS,organic,"{""screen"": ""trial"", ""trial_days"": 3}"
U0167,payment_view,2026-03-03 20:41:00,iOS,organic,"{""screen"": ""payment"", ""plan"": ""yearly""}"
U0167,payment_attempt,2026-03-03 20:42:00,iOS,organic,"{""screen"": ""payment"", ""plan"": ""yearly""}"
U0168,app_open,2026-03-03 23:30:00,Android,ads_instagram,"{""screen"": ""splash""}"
U0168,onboarding_complete,2026-03-03 23:35:00,Android,ads_instagram,"{""screen"": ""onboarding"", ""pages"": 3}"
U0169,app_open,2026-03-05 22:46:00,Android,organic,"{""screen"": ""splash""}"
U0170,app_open,2026-03-06 01:26:00,iOS,organic,"{""screen"": ""splash""}"
U0171,app_open,2026-03-03 04:46:00,iOS,referral,"{""screen"": ""splash""}"
U0171,onboarding_complete,2026-03-03 04:53:00,iOS,referral,"{""screen"": ""onboarding"", ""pages"": 3}"
U0171,signup_start,2026-03-03 04:59:00,iOS,referral,"{""screen"": ""signup"", ""method"": ""google""}"
U0172,app_open,2026-03-05 19:45:00,Android,ads_instagram,"{""screen"": ""splash""}"
U0172,onboarding_complete,2026-03-05 19:54:00,Android,ads_instagram,"{""screen"": ""onboarding"", ""pages"": 3}"
U0173,app_open,2026-03-04 13:59:00,iOS,organic,"{""screen"": ""splash""}"
U0173,onboarding_complete,2026-03-04 14:09:00,iOS,organic,"{""screen"": ""onboarding"", ""pages"": 3}"
U0173,signup_start,2026-03-04 14:17:00,iOS,organic,"{""screen"": ""signup"", ""method"": ""kakao""}"
U0173,signup_complete,2026-03-04 14:24:00,iOS,organic,"{""screen"": ""signup"", ""method"": ""google""}"
U0173,home_view,2026-03-04 14:29:00,iOS,organic,"{""screen"": ""home""}"
U0173,program_list_view,2026-03-04 14:35:00,iOS,organic,"{""screen"": ""program_list""}"
U0173,program_detail_view,2026-03-04 14:36:00,iOS,organic,"{""screen"": ""program_detail"", ""program_id"": ""P02""}"
U0174,app_open,2026-03-01 19:05:00,Android,ads_youtube,"{""screen"": ""splash""}"
U0174,onboarding_complete,2026-03-01 19:17:00,Android,ads_youtube,"{""screen"": ""onboarding"", ""pages"": 3}"
U0174,signup_start,2026-03-01 19:28:00,Android,ads_youtube,"{""screen"": ""signup"", ""method"": ""kakao""}"
U0174,signup_complete,2026-03-01 19:29:00,Android,ads_youtube,"{""screen"": ""signup"", ""method"": ""google""}"
U0174,home_view,2026-03-01 19:36:00,Android,ads_youtube,"{""screen"": ""home""}"
U0174,program_list_view,2026-03-01 19:34:00,Android,ads_youtube,"{""screen"": ""program_list""}"
U0175,app_open,2026-03-05 01:20:00,iOS,ads_instagram,"{""screen"": ""splash""}"
U0175,onboarding_complete,2026-03-05 01:33:00,iOS,ads_instagram,"{""screen"": ""onboarding"", ""pages"": 3}"
U0175,signup_start,2026-03-05 01:34:00,iOS,ads_instagram,"{""screen"": ""signup"", ""method"": ""email""}"
U0175,signup_complete,2026-03-05 01:42:00,iOS,ads_instagram,"{""screen"": ""signup"", ""method"": ""kakao""}"
U0175,home_view,2026-03-05 01:45:00,iOS,ads_instagram,"{""screen"": ""home""}"
U0175,program_list_view,2026-03-05 01:56:00,iOS,ads_instagram,"{""screen"": ""program_list""}"
U0175,program_detail_view,2026-03-05 02:00:00,iOS,ads_instagram,"{""screen"": ""program_detail"", ""program_id"": ""P02""}"
U0176,app_open,2026-03-01 20:43:00,iOS,ads_instagram,"{""screen"": ""splash""}"
U0176,onboarding_complete,2026-03-01 20:48:00,iOS,ads_instagram,"{""screen"": ""onboarding"", ""pages"": 3}"
U0176,signup_start,2026-03-01 21:00:00,iOS,ads_instagram,"{""screen"": ""signup"", ""method"": ""email""}"
U0176,signup_complete,2026-03-01 21:03:00,iOS,ads_instagram,"{""screen"": ""signup"", ""method"": ""email""}"
U0176,home_view,2026-03-01 21:10:00,iOS,ads_instagram,"{""screen"": ""home""}"
U0176,program_list_view,2026-03-01 21:15:00,iOS,ads_instagram,"{""screen"": ""program_list""}"
U0176,program_detail_view,2026-03-01 21:16:00,iOS,ads_instagram,"{""screen"": ""program_detail"", ""program_id"": ""P02""}"
U0177,app_open,2026-03-05 14:06:00,iOS,ads_instagram,"{""screen"": ""splash""}"
U0177,onboarding_complete,2026-03-05 14:13:00,iOS,ads_instagram,"{""screen"": ""onboarding"", ""pages"": 3}"
U0177,signup_start,2026-03-05 14:21:00,iOS,ads_instagram,"{""screen"": ""signup"", ""method"": ""google""}"
U0177,signup_complete,2026-03-05 14:30:00,iOS,ads_instagram,"{""screen"": ""signup"", ""method"": ""email""}"
U0177,home_view,2026-03-05 14:35:00,iOS,ads_instagram,"{""screen"": ""home""}"
U0177,program_list_view,2026-03-05 14:39:00,iOS,ads_instagram,"{""screen"": ""program_list""}"
U0177,program_detail_view,2026-03-05 14:43:00,iOS,ads_instagram,"{""screen"": ""program_detail"", ""program_id"": ""P03""}"
U0177,trial_start_click,2026-03-05 14:54:00,iOS,ads_instagram,"{""screen"": ""trial_start""}"
U0177,trial_start_confirm,2026-03-05 14:54:00,iOS,ads_instagram,"{""screen"": ""trial"", ""trial_days"": 3}"
U0177,payment_view,2026-03-05 15:00:00,iOS,ads_instagram,"{""screen"": ""payment"", ""plan"": ""yearly""}"
U0177,payment_attempt,2026-03-05 15:07:00,iOS,ads_instagram,"{""screen"": ""payment"", ""plan"": ""yearly""}"
U0177,payment_fail,2026-03-05 15:15:00,iOS,ads_instagram,"{""screen"": ""payment"", ""reason"": ""user_cancel""}"
U0178,app_open,2026-03-02 00:35:00,iOS,organic,"{""screen"": ""splash""}"
U0178,onboarding_complete,2026-03-02 00:47:00,iOS,organic,"{""screen"": ""onboarding"", ""pages"": 3}"
U0178,signup_start,2026-03-02 00:52:00,iOS,organic,"{""screen"": ""signup"", ""method"": ""kakao""}"
U0178,signup_complete,2026-03-02 00:53:00,iOS,organic,"{""screen"": ""signup"", ""method"": ""email""}"
U0178,home_view,2026-03-02 00:54:00,iOS,organic,"{""screen"": ""home""}"
U0178,program_list_view,2026-03-02 01:00:00,iOS,organic,"{""screen"": ""program_list""}"
U0178,program_detail_view,2026-03-02 01:03:00,iOS,organic,"{""screen"": ""program_detail"", ""program_id"": ""P02""}"
U0178,trial_start_click,2026-03-02 01:12:00,iOS,organic,"{""screen"": ""trial_start""}"
U0178,trial_start_confirm,2026-03-02 01:14:00,iOS,organic,"{""screen"": ""trial"", ""trial_days"": 3}"
U0178,payment_view,2026-03-02 01:16:00,iOS,organic,"{""screen"": ""payment"", ""plan"": ""monthly""}"
U0178,payment_attempt,2026-03-02 01:27:00,iOS,organic,"{""screen"": ""payment"", ""plan"": ""monthly""}"
U0179,app_open,2026-03-03 13:25:00,iOS,ads_instagram,"{""screen"": ""splash""}"
U0180,app_open,2026-03-05 06:29:00,iOS,ads_instagram,"{""screen"": ""splash""}"
U0180,onboarding_complete,2026-03-05 06:40:00,iOS,ads_instagram,"{""screen"": ""onboarding"", ""pages"": 3}"
U0180,signup_start,2026-03-05 06:44:00,iOS,ads_instagram,"{""screen"": ""signup"", ""method"": ""email""}"
U0180,signup_complete,2026-03-05 06:44:00,iOS,ads_instagram,"{""screen"": ""signup"", ""method"": ""kakao""}"
U0180,home_view,2026-03-05 06:55:00,iOS,ads_instagram,"{""screen"": ""home""}"
U0180,program_list_view,2026-03-05 07:03:00,iOS,ads_instagram,"{""screen"": ""program_list""}"
U0180,program_detail_view,2026-03-05 07:03:00,iOS,ads_instagram,"{""screen"": ""program_detail"", ""program_id"": ""P03""}"
U0181,app_open,2026-03-01 14:40:00,Android,organic,"{""screen"": ""splash""}"
U0181,onboarding_complete,2026-03-01 14:52:00,Android,organic,"{""screen"": ""onboarding"", ""pages"": 3}"
U0181,signup_start,2026-03-01 14:55:00,Android,organic,"{""screen"": ""signup"", ""method"": ""kakao""}"
U0182,app_open,2026-03-01 13:24:00,iOS,ads_youtube,"{""screen"": ""splash""}"
U0182,onboarding_complete,2026-03-01 13:36:00,iOS,ads_youtube,"{""screen"": ""onboarding"", ""pages"": 3}"
U0183,app_open,2026-03-05 18:53:00,Android,organic,"{""screen"": ""splash""}"
U0184,app_open,2026-03-05 07:05:00,Android,organic,"{""screen"": ""splash""}"
U0184,onboarding_complete,2026-03-05 07:13:00,Android,organic,"{""screen"": ""onboarding"", ""pages"": 3}"
U0184,signup_start,2026-03-05 07:22:00,Android,organic,"{""screen"": ""signup"", ""method"": ""email""}"
U0185,app_open,2026-03-04 18:29:00,iOS,ads_instagram,"{""screen"": ""splash""}"
U0185,onboarding_complete,2026-03-04 18:40:00,iOS,ads_instagram,"{""screen"": ""onboarding"", ""pages"": 3}"
U0185,signup_start,2026-03-04 18:46:00,iOS,ads_instagram,"{""screen"": ""signup"", ""method"": ""kakao""}"
U0186,app_open,2026-03-05 15:24:00,iOS,ads_instagram,"{""screen"": ""splash""}"
U0186,onboarding_complete,2026-03-05 15:27:00,iOS,ads_instagram,"{""screen"": ""onboarding"", ""pages"": 3}"
U0187,app_open,2026-03-02 19:05:00,Android,organic,"{""screen"": ""splash""}"
U0187,onboarding_complete,2026-03-02 19:17:00,Android,organic,"{""screen"": ""onboarding"", ""pages"": 3}"
U0187,signup_start,2026-03-02 19:21:00,Android,organic,"{""screen"": ""signup"", ""method"": ""email""}"
U0187,signup_complete,2026-03-02 19:28:00,Android,organic,"{""screen"": ""signup"", ""method"": ""google""}"
U0187,home_view,2026-03-02 19:30:00,Android,organic,"{""screen"": ""home""}"
U0187,program_list_view,2026-03-02 19:30:00,Android,organic,"{""screen"": ""program_list""}"
U0187,program_detail_view,2026-03-02 19:37:00,Android,organic,"{""screen"": ""program_detail"", ""program_id"": ""P02""}"
U0187,trial_start_click,2026-03-02 19:42:00,Android,organic,"{""screen"": ""trial_start""}"
U0187,trial_start_confirm,2026-03-02 19:47:00,Android,organic,"{""screen"": ""trial"", ""trial_days"": 3}"
U0188,app_open,2026-03-06 05:04:00,Android,ads_instagram,"{""screen"": ""splash""}"
U0188,onboarding_complete,2026-03-06 05:16:00,Android,ads_instagram,"{""screen"": ""onboarding"", ""pages"": 3}"
U0188,signup_start,2026-03-06 05:26:00,Android,ads_instagram,"{""screen"": ""signup"", ""method"": ""email""}"
U0188,signup_complete,2026-03-06 05:32:00,Android,ads_instagram,"{""screen"": ""signup"", ""method"": ""google""}"
U0188,home_view,2026-03-06 05:33:00,Android,ads_instagram,"{""screen"": ""home""}"
U0189,app_open,2026-03-05 17:04:00,Android,ads_youtube,"{""screen"": ""splash""}"
U0189,onboarding_complete,2026-03-05 17:11:00,Android,ads_youtube,"{""screen"": ""onboarding"", ""pages"": 3}"
U0190,app_open,2026-03-06 06:05:00,iOS,ads_instagram,"{""screen"": ""splash""}"
U0190,onboarding_complete,2026-03-06 06:13:00,iOS,ads_instagram,"{""screen"": ""onboarding"", ""pages"": 3}"
U0191,app_open,2026-03-02 03:00:00,Android,organic,"{""screen"": ""splash""}"
U0192,app_open,2026-03-06 08:41:00,Android,organic,"{""screen"": ""splash""}"
U0192,onboarding_complete,2026-03-06 08:49:00,Android,organic,"{""screen"": ""onboarding"", ""pages"": 3}"
U0192,signup_start,2026-03-06 08:50:00,Android,organic,"{""screen"": ""signup"", ""method"": ""google""}"
U0192,signup_complete,2026-03-06 08:57:00,Android,organic,"{""screen"": ""signup"", ""method"": ""kakao""}"
U0192,home_view,2026-03-06 08:56:00,Android,organic,"{""screen"": ""home""}"
U0192,program_list_view,2026-03-06 08:59:00,Android,organic,"{""screen"": ""program_list""}"
U0192,program_detail_view,2026-03-06 09:12:00,Android,organic,"{""screen"": ""program_detail"", ""program_id"": ""P02""}"
U0192,trial_start_click,2026-03-06 09:19:00,Android,organic,"{""screen"": ""trial_start""}"
U0192,trial_start_confirm,2026-03-06 09:25:00,Android,organic,"{""screen"": ""trial"", ""trial_days"": 3}"
U0192,payment_view,2026-03-06 09:23:00,Android,organic,"{""screen"": ""payment"", ""plan"": ""yearly""}"
U0192,payment_attempt,2026-03-06 09:24:00,Android,organic,"{""screen"": ""payment"", ""plan"": ""yearly""}"
U0192,payment_success,2026-03-06 09:30:00,Android,organic,"{""screen"": ""payment"", ""plan"": ""yearly""}"
U0192,subscription_complete,2026-03-06 09:37:00,Android,organic,"{""screen"": ""subscription_complete""}"
U0193,app_open,2026-03-01 10:09:00,iOS,organic,"{""screen"": ""splash""}"
U0193,onboarding_complete,2026-03-01 10:15:00,iOS,organic,"{""screen"": ""onboarding"", ""pages"": 3}"
U0193,signup_start,2026-03-01 10:21:00,iOS,organic,"{""screen"": ""signup"", ""method"": ""kakao""}"
U0193,signup_complete,2026-03-01 10:27:00,iOS,organic,"{""screen"": ""signup"", ""method"": ""kakao""}"
U0193,home_view,2026-03-01 10:27:00,iOS,organic,"{""screen"": ""home""}"
U0194,app_open,2026-03-05 12:40:00,iOS,organic,"{""screen"": ""splash""}"
U0194,onboarding_complete,2026-03-05 12:49:00,iOS,organic,"{""screen"": ""onboarding"", ""pages"": 3}"
U0195,app_open,2026-03-02 18:52:00,Android,organic,"{""screen"": ""splash""}"
U0195,onboarding_complete,2026-03-02 19:03:00,Android,organic,"{""screen"": ""onboarding"", ""pages"": 3}"
U0196,app_open,2026-03-06 08:34:00,Android,organic,"{""screen"": ""splash""}"
U0196,onboarding_complete,2026-03-06 08:47:00,Android,organic,"{""screen"": ""onboarding"", ""pages"": 3}"
U0196,signup_start,2026-03-06 08:52:00,Android,organic,"{""screen"": ""signup"", ""method"": ""kakao""}"
U0196,signup_complete,2026-03-06 08:57:00,Android,organic,"{""screen"": ""signup"", ""method"": ""google""}"
U0196,home_view,2026-03-06 09:07:00,Android,organic,"{""screen"": ""home""}"
U0196,program_list_view,2026-03-06 09:11:00,Android,organic,"{""screen"": ""program_list""}"
U0197,app_open,2026-03-06 06:31:00,iOS,referral,"{""screen"": ""splash""}"
U0198,app_open,2026-03-02 08:35:00,iOS,organic,"{""screen"": ""splash""}"
U0198,onboarding_complete,2026-03-02 08:37:00,iOS,organic,"{""screen"": ""onboarding"", ""pages"": 3}"
U0198,signup_start,2026-03-02 08:40:00,iOS,organic,"{""screen"": ""signup"", ""method"": ""email""}"
U0198,signup_complete,2026-03-02 08:45:00,iOS,organic,"{""screen"": ""signup"", ""method"": ""google""}"
U0198,home_view,2026-03-02 08:54:00,iOS,organic,"{""screen"": ""home""}"
U0198,program_list_view,2026-03-02 08:55:00,iOS,organic,"{""screen"": ""program_list""}"
U0198,program_detail_view,2026-03-02 09:08:00,iOS,organic,"{""screen"": ""program_detail"", ""program_id"": ""P01""}"
U0198,trial_start_click,2026-03-02 09:09:00,iOS,organic,"{""screen"": ""trial_start""}"
U0198,trial_start_confirm,2026-03-02 09:19:00,iOS,organic,"{""screen"": ""trial"", ""trial_days"": 3}"
U0198,payment_view,2026-03-02 09:22:00,iOS,organic,"{""screen"": ""payment"", ""plan"": ""monthly""}"
U0198,payment_attempt,2026-03-02 09:31:00,iOS,organic,"{""screen"": ""payment"", ""plan"": ""monthly""}"
U0198,payment_success,2026-03-02 09:31:00,iOS,organic,"{""screen"": ""payment"", ""plan"": ""monthly""}"
U0198,subscription_complete,2026-03-02 09:31:00,iOS,organic,"{""screen"": ""subscription_complete""}"
U0198,workout_start,2026-03-02 09:32:00,iOS,organic,"{""screen"": ""workout"", ""workout_id"": ""W10""}"
U0199,app_open,2026-03-02 07:22:00,Android,ads_youtube,"{""screen"": ""splash""}"
U0199,onboarding_complete,2026-03-02 07:32:00,Android,ads_youtube,"{""screen"": ""onboarding"", ""pages"": 3}"
U0199,signup_start,2026-03-02 07:34:00,Android,ads_youtube,"{""screen"": ""signup"", ""method"": ""google""}"
U0199,signup_complete,2026-03-02 07:43:00,Android,ads_youtube,"{""screen"": ""signup"", ""method"": ""email""}"
U0199,home_view,2026-03-02 07:41:00,Android,ads_youtube,"{""screen"": ""home""}"
U0199,program_list_view,2026-03-02 07:48:00,Android,ads_youtube,"{""screen"": ""program_list""}"
U0199,program_detail_view,2026-03-02 07:49:00,Android,ads_youtube,"{""screen"": ""program_detail"", ""program_id"": ""P02""}"
U0199,trial_start_click,2026-03-02 07:50:00,Android,ads_youtube,"{""screen"": ""trial_start""}"
U0199,trial_start_confirm,2026-03-02 07:52:00,Android,ads_youtube,"{""screen"": ""trial"", ""trial_days"": 3}"
U0199,payment_view,2026-03-02 07:56:00,Android,ads_youtube,"{""screen"": ""payment"", ""plan"": ""monthly""}"
U0199,payment_attempt,2026-03-02 08:01:00,Android,ads_youtube,"{""screen"": ""payment"", ""plan"": ""monthly""}"
U0199,payment_fail,2026-03-02 08:05:00,Android,ads_youtube,"{""screen"": ""payment"", ""reason"": ""timeout""}"
U0200,app_open,2026-03-06 06:04:00,iOS,organic,"{""screen"": ""splash""}"
U0200,onboarding_complete,2026-03-06 06:12:00,iOS,organic,"{""screen"": ""onboarding"", ""pages"": 3}"
U0200,signup_start,2026-03-06 06:23:00,iOS,organic,"{""screen"": ""signup"", ""method"": ""google""}"
U0200,signup_complete,2026-03-06 06:24:00,iOS,organic,"{""screen"": ""signup"", ""method"": ""google""}"
U0200,home_view,2026-03-06 06:22:00,iOS,organic,"{""screen"": ""home""}"
U0200,program_list_view,2026-03-06 06:30:00,iOS,organic,"{""screen"": ""program_list""}"
U0201,app_open,2026-03-02 23:32:00,iOS,organic,"{""screen"": ""splash""}"
U0201,onboarding_complete,2026-03-02 23:39:00,iOS,organic,"{""screen"": ""onboarding"", ""pages"": 3}"
U0201,signup_start,2026-03-02 23:45:00,iOS,organic,"{""screen"": ""signup"", ""method"": ""google""}"
U0201,signup_complete,2026-03-02 23:55:00,iOS,organic,"{""screen"": ""signup"", ""method"": ""kakao""}"
U0201,home_view,2026-03-03 00:00:00,iOS,organic,"{""screen"": ""home""}"
U0202,app_open,2026-03-05 13:00:00,Android,referral,"{""screen"": ""splash""}"
U0203,app_open,2026-03-01 09:52:00,iOS,ads_youtube,"{""screen"": ""splash""}"
U0204,app_open,2026-03-04 23:49:00,iOS,organic,"{""screen"": ""splash""}"
U0205,app_open,2026-03-01 09:11:00,Android,ads_youtube,"{""screen"": ""splash""}"
U0205,onboarding_complete,2026-03-01 09:24:00,Android,ads_youtube,"{""screen"": ""onboarding"", ""pages"": 3}"
U0205,signup_start,2026-03-01 09:23:00,Android,ads_youtube,"{""screen"": ""signup"", ""method"": ""email""}"
U0205,signup_complete,2026-03-01 09:30:00,Android,ads_youtube,"{""screen"": ""signup"", ""method"": ""google""}"
U0206,app_open,2026-03-02 23:12:00,iOS,referral,"{""screen"": ""splash""}"
U0206,onboarding_complete,2026-03-02 23:22:00,iOS,referral,"{""screen"": ""onboarding"", ""pages"": 3}"
U0206,signup_start,2026-03-02 23:25:00,iOS,referral,"{""screen"": ""signup"", ""method"": ""kakao""}"
U0206,signup_complete,2026-03-02 23:28:00,iOS,referral,"{""screen"": ""signup"", ""method"": ""email""}"
U0206,home_view,2026-03-02 23:31:00,iOS,referral,"{""screen"": ""home""}"
U0206,program_list_view,2026-03-02 23:35:00,iOS,referral,"{""screen"": ""program_list""}"
U0206,program_detail_view,2026-03-02 23:36:00,iOS,referral,"{""screen"": ""program_detail"", ""program_id"": ""P02""}"
U0206,trial_start_click,2026-03-02 23:47:00,iOS,referral,"{""screen"": ""trial_start""}"
U0206,trial_start_confirm,2026-03-02 23:49:00,iOS,referral,"{""screen"": ""trial"", ""trial_days"": 3}"
U0206,payment_view,2026-03-02 23:51:00,iOS,referral,"{""screen"": ""payment"", ""plan"": ""monthly""}"
U0206,payment_attempt,2026-03-02 23:54:00,iOS,referral,"{""screen"": ""payment"", ""plan"": ""monthly""}"
U0206,payment_success,2026-03-03 00:03:00,iOS,referral,"{""screen"": ""payment"", ""plan"": ""yearly""}"
U0206,subscription_complete,2026-03-03 00:13:00,iOS,referral,"{""screen"": ""subscription_complete""}"
U0206,workout_start,2026-03-03 00:15:00,iOS,referral,"{""screen"": ""workout"", ""workout_id"": ""W11""}"
U0207,app_open,2026-03-05 23:15:00,iOS,ads_youtube,"{""screen"": ""splash""}"
U0207,onboarding_complete,2026-03-05 23:17:00,iOS,ads_youtube,"{""screen"": ""onboarding"", ""pages"": 3}"
U0208,app_open,2026-03-02 18:53:00,iOS,organic,"{""screen"": ""splash""}"
U0209,app_open,2026-03-03 01:48:00,iOS,organic,"{""screen"": ""splash""}"
U0209,onboarding_complete,2026-03-03 01:51:00,iOS,organic,"{""screen"": ""onboarding"", ""pages"": 3}"
U0210,app_open,2026-03-04 12:06:00,Android,ads_youtube,"{""screen"": ""splash""}"
U0210,onboarding_complete,2026-03-04 12:14:00,Android,ads_youtube,"{""screen"": ""onboarding"", ""pages"": 3}"
U0211,app_open,2026-03-06 02:22:00,iOS,organic,"{""screen"": ""splash""}"
U0211,onboarding_complete,2026-03-06 02:27:00,iOS,organic,"{""screen"": ""onboarding"", ""pages"": 3}"
U0211,signup_start,2026-03-06 02:35:00,iOS,organic,"{""screen"": ""signup"", ""method"": ""kakao""}"
U0211,signup_complete,2026-03-06 02:39:00,iOS,organic,"{""screen"": ""signup"", ""method"": ""kakao""}"
U0211,home_view,2026-03-06 02:37:00,iOS,organic,"{""screen"": ""home""}"
U0212,app_open,2026-03-05 23:29:00,Android,organic,"{""screen"": ""splash""}"
U0212,onboarding_complete,2026-03-05 23:35:00,Android,organic,"{""screen"": ""onboarding"", ""pages"": 3}"
U0212,signup_start,2026-03-05 23:43:00,Android,organic,"{""screen"": ""signup"", ""method"": ""email""}"
U0213,app_open,2026-03-04 04:44:00,Android,organic,"{""screen"": ""splash""}"
U0213,onboarding_complete,2026-03-04 04:52:00,Android,organic,"{""screen"": ""onboarding"", ""pages"": 3}"
U0213,signup_start,2026-03-04 04:56:00,Android,organic,"{""screen"": ""signup"", ""method"": ""google""}"
U0213,signup_complete,2026-03-04 04:57:00,Android,organic,"{""screen"": ""signup"", ""method"": ""kakao""}"
U0213,home_view,2026-03-04 05:06:00,Android,organic,"{""screen"": ""home""}"
U0213,program_list_view,2026-03-04 05:12:00,Android,organic,"{""screen"": ""program_list""}"
U0213,program_detail_view,2026-03-04 05:12:00,Android,organic,"{""screen"": ""program_detail"", ""program_id"": ""P02""}"
U0213,trial_start_click,2026-03-04 05:19:00,Android,organic,"{""screen"": ""trial_start""}"
U0213,trial_start_confirm,2026-03-04 05:24:00,Android,organic,"{""screen"": ""trial"", ""trial_days"": 3}"
U0213,payment_view,2026-03-04 05:38:00,Android,organic,"{""screen"": ""payment"", ""plan"": ""monthly""}"
U0214,app_open,2026-03-04 11:20:00,iOS,ads_youtube,"{""screen"": ""splash""}"
U0214,onboarding_complete,2026-03-04 11:30:00,iOS,ads_youtube,"{""screen"": ""onboarding"", ""pages"": 3}"
U0214,signup_start,2026-03-04 11:35:00,iOS,ads_youtube,"{""screen"": ""signup"", ""method"": ""email""}"
U0214,signup_complete,2026-03-04 11:37:00,iOS,ads_youtube,"{""screen"": ""signup"", ""method"": ""google""}"
U0214,home_view,2026-03-04 11:49:00,iOS,ads_youtube,"{""screen"": ""home""}"
U0214,program_list_view,2026-03-04 11:50:00,iOS,ads_youtube,"{""screen"": ""program_list""}"
U0214,program_detail_view,2026-03-04 11:55:00,iOS,ads_youtube,"{""screen"": ""program_detail"", ""program_id"": ""P03""}"
U0215,app_open,2026-03-02 14:57:00,iOS,referral,"{""screen"": ""splash""}"
U0215,onboarding_complete,2026-03-02 15:06:00,iOS,referral,"{""screen"": ""onboarding"", ""pages"": 3}"
U0216,app_open,2026-03-02 17:17:00,iOS,referral,"{""screen"": ""splash""}"
U0216,onboarding_complete,2026-03-02 17:27:00,iOS,referral,"{""screen"": ""onboarding"", ""pages"": 3}"
U0216,signup_start,2026-03-02 17:33:00,iOS,referral,"{""screen"": ""signup"", ""method"": ""kakao""}"
U0216,signup_complete,2026-03-02 17:39:00,iOS,referral,"{""screen"": ""signup"", ""method"": ""google""}"
U0216,home_view,2026-03-02 17:39:00,iOS,referral,"{""screen"": ""home""}"
U0216,program_list_view,2026-03-02 17:38:00,iOS,referral,"{""screen"": ""program_list""}"
U0216,program_detail_view,2026-03-02 17:42:00,iOS,referral,"{""screen"": ""program_detail"", ""program_id"": ""P02""}"
U0216,trial_start_click,2026-03-02 17:48:00,iOS,referral,"{""screen"": ""trial_start""}"
U0216,trial_start_confirm,2026-03-02 17:51:00,iOS,referral,"{""screen"": ""trial"", ""trial_days"": 3}"
U0217,app_open,2026-03-04 17:05:00,iOS,organic,"{""screen"": ""splash""}"
U0217,onboarding_complete,2026-03-04 17:14:00,iOS,organic,"{""screen"": ""onboarding"", ""pages"": 3}"
U0217,signup_start,2026-03-04 17:23:00,iOS,organic,"{""screen"": ""signup"", ""method"": ""google""}"
U0218,app_open,2026-03-03 15:00:00,Android,organic,"{""screen"": ""splash""}"
U0218,onboarding_complete,2026-03-03 15:08:00,Android,organic,"{""screen"": ""onboarding"", ""pages"": 3}"
U0218,signup_start,2026-03-03 15:14:00,Android,organic,"{""screen"": ""signup"", ""method"": ""google""}"
U0219,app_open,2026-03-02 08:47:00,Android,referral,"{""screen"": ""splash""}"
U0219,onboarding_complete,2026-03-02 09:01:00,Android,referral,"{""screen"": ""onboarding"", ""pages"": 3}"
U0220,app_open,2026-03-05 03:52:00,iOS,ads_instagram,"{""screen"": ""splash""}"
U0220,onboarding_complete,2026-03-05 03:58:00,iOS,ads_instagram,"{""screen"": ""onboarding"", ""pages"": 3}"
U0220,signup_start,2026-03-05 04:01:00,iOS,ads_instagram,"{""screen"": ""signup"", ""method"": ""email""}"
